swift_code,id,bank,city,branch
AARBBEB1,1,AAREAL BANK AG,BRUSSELS,None
EBACBEBB,2,ABE CLEARING SAS/EBA CLEARING,BRUSSELS,None
EBATBEBB,3,ABE CLEARING SAS/EBA CLEARING,BRUSSELS,None
ABERBE22,4,ABK BANK, DIVISIE VAN BANK J. VAN BREDA EN CO NV,ANTWERPEN,None
ABNABE2AIDJ,5,ABN AMRO BANK N.V. BELGIAN BRANCH,ANTWERPEN,(INTERNATIONAL DIAMOND AND JEWELRY GROUP)
ABNABE2AMYO,6,ABN AMRO BANK N.V. BELGIAN BRANCH,ANTWERPEN,(MONEYOU)
ABNABE2AIPC,7,ABN AMRO BANK N.V. BELGIAN BRANCH,BERCHEM,(INTERNATIONAL PRIVATE CLIENTS DEPARTMENT)
ABNABE2A,8,ABN AMRO BANK N.V. BELGIAN BRANCH,BERCHEM,None
ACCOBEB3,9,ACCORD,LA HULPE,None
JCAEBE9A,10,ADIENT BELGIUM BVBA,ASSENEDE,None
ISSUBEB1,11,AG INSURANCE,BRUSSELS,None
AGFGBEBB,12,AGFA-GEVAERT NV,MORTSEL,None
ALENBEB1,13,ALENA SA,BRUSSELS,None
ABIXBEBB,14,ANHEUSER-BUSCH INBEV NV,BRUSSELS,None
ARSPBE22,15,ARGENTA,ANTWERPEN,None
ASSTBE21,16,ASSOCIATED STOCKBROKERS, BVBA,ANTWERPEN,None
WAFABEBBANT,17,ATTIJARIWAFA BANK (FORMERLY WAFABANK),ANTWERPEN,None
WAFABEBBTG2,18,ATTIJARIWAFA BANK (FORMERLY WAFABANK),BRUSSELS,(TARGET2)
WAFABEBB,19,ATTIJARIWAFA BANK (FORMERLY WAFABANK),BRUSSELS,None
AUETBE21,20,AUDI NV,ANTWERPEN,None
AUXIBEB1,21,AUXIFINA SA,BRUSSELS,None
AVEVBE21,22,AVEVE SA,MERKSEM,None
AXABBE22,23,AXA BANK BELGIUM,BERCHEM,None
AXBIBEBB,24,AXA BELGIUM,WATERMAEL BOITSFORT,None
BNDDBE21326,25,B AND BT NV,ANTWERPEN,(WOMMELGEM)
BNDDBE21,26,B AND BT NV,ANTWERPEN,None
BMPBBEBB,27,BANCA MONTE PASCHI BELGIO,BRUSSELS,None
BMPBBEBBTGT,28,BANCA MONTE PASCHI BELGIO,BRUSSELS,None
BBVABEBBTG2,29,BANCO BILBAO VIZCAYA ARGENTARIA S.A.,BRUSSELS,(TARGET2)
BBVABEBB,30,BANCO BILBAO VIZCAYA ARGENTARIA S.A.,BRUSSELS,None
BSCHBEBR,31,BANCO SANTANDER CENTRAL HISPANO,BRUSSELS,None
BCMCBEBB,32,BANCONTACT-MISTERCASH SA/NV,BRUSSELS,None
DELEBE22,33,BANK DELEN NV,ANTWERPEN,None
DELEBE22NRA,34,BANK DELEN NV,ANTWERPEN,None
DELEBE22THE,35,BANK DELEN NV,ANTWERPEN,None
JVBABE22,36,BANK J. VAN BREDA AND CO NV,ANTWERPEN,None
BOFABE3XRES,37,BANK OF AMERICA MERRILL LYNCH INTERNATIONAL LIMITED, BRUSSELS BRANCH,BRUSSELS,(RESERVE ACCOUNT ONLY)
BOFABE3X,38,BANK OF AMERICA MERRILL LYNCH INTERNATIONAL LIMITED, BRUSSELS BRANCH,BRUSSELS,None
BARBBEBBTGT,39,BANK OF BARODA (BRUSSELS BRANCH),BRUSSELS,(TARGET)
BARBBEBB,40,BANK OF BARODA (BRUSSELS BRANCH),BRUSSELS,None
BKCHBEBBTG2,41,BANK OF CHINA (LUXEMBOURG) S.A. BRUSSELS BRANCH,BRUSSELS,(BANK OF CHINA(LUXEMBOURG) S.A. BRUSSELS BRANCH)
BKCHBEBB,42,BANK OF CHINA (LUXEMBOURG) S.A. BRUSSELS BRANCH,BRUSSELS,None
BKIDBE22BOI,43,BANK OF INDIA,ANTWERPEN,(BOI ANTWERP)
BKIDBE22,44,BANK OF INDIA,ANTWERPEN,None
IRVTBEB1,45,BANK OF NEW YORK (LUXEMBOURG)SA, THE,BRUSSELS,None
BMECBEB1,46,BANQUE BCP S.A. LUXEMBOURG-SUCCURSALE DE BELGIQUE,BRUSSELS,None
BCPOBEB1,47,BANQUE CENTRALE POPULAIRE SA,BRUSSELS,None
BCDMBEBB,48,BANQUE CHAABI DU MAROC,BRUSSELS,None
BLUXBEBB,49,BANQUE DE LUXEMBOURG, SUCCURSALE DE BELGIQUE,BRUSSELS,None
DEGRBEBBTG2,50,BANQUE DEGROOF PETERCAM SA/NV (FORMERLY BANQUE DEGROOF),BRUSSELS,(TARGET 2 SECURITIES PARTICIPATION)
DEGRBEBB,51,BANQUE DEGROOF PETERCAM SA/NV (FORMERLY BANQUE DEGROOF),BRUSSELS,None
PECSBEBB009,52,BANQUE DEGROOF PETERCAM SA/NV (FORMERLY PETERCAM SA),BRUSSELS,(BACK -OFFICE CLIENTS NOT IN CUSTODY)
PECSBEBB,53,BANQUE DEGROOF PETERCAM SA/NV (FORMERLY PETERCAM SA),BRUSSELS,None
BDREBE41,54,BANQUE DREZE,VERVIERS,None
ENIBBEBB,55,BANQUE ENI S.A.,BRUSSELS,None
BNAGBEBB,56,BANQUE NAGELMACKERS S.A. - BANK NAGELMACKERS NV,BRUSSELS,None
NBBEBEBB273,57,BANQUE NATIONALE DE BELGIQUE,BRUSSELS,(ACCOUNTS DIVISION)
NBBEBEBB243,58,BANQUE NATIONALE DE BELGIQUE,BRUSSELS,(BACK OFFICE DIVISION)
NBBEBEBBTRE,59,BANQUE NATIONALE DE BELGIQUE,BRUSSELS,(BELGIAN TREASURY)
NBBEBEBBCEC,60,BANQUE NATIONALE DE BELGIQUE,BRUSSELS,(CEC TECHNICAL ACCOUNT)
NBBEBEBB203,61,BANQUE NATIONALE DE BELGIQUE,BRUSSELS,(CURRENT ACCOUNTS DIVISION)
NBBEBEBBDAB,62,BANQUE NATIONALE DE BELGIQUE,BRUSSELS,(DEBT AGENCY B)
NBBEBEBBDAE,63,BANQUE NATIONALE DE BELGIQUE,BRUSSELS,(DEBT AGENCY E)
NBBEBEBBEOC,64,BANQUE NATIONALE DE BELGIQUE,BRUSSELS,(EUROCLEAR SETTLEMENT SERVICES)
NBBEBEBBHCC,65,BANQUE NATIONALE DE BELGIQUE,BRUSSELS,(HOOFDKAS CAISSE CENTRALE)
NBBEBEBBCAC,66,BANQUE NATIONALE DE BELGIQUE,BRUSSELS,(NBB/ESES CONTINGENCY ACCOUNT)
NBBEBEBB223,67,BANQUE NATIONALE DE BELGIQUE,BRUSSELS,(NBB-SSS)
NBBEBEBB216,68,BANQUE NATIONALE DE BELGIQUE,BRUSSELS,(SECURITIES CLEARING SYSTEM)
NBBEBEBBWTX,69,BANQUE NATIONALE DE BELGIQUE,BRUSSELS,(WITHOLDING TAX)
ECMSBEBB,70,BANQUE NATIONALE DE BELGIQUE,BRUSSELS,None
ECMSBEBBCCB,71,BANQUE NATIONALE DE BELGIQUE,BRUSSELS,None
NBBEBEBB,72,BANQUE NATIONALE DE BELGIQUE,BRUSSELS,None
NBBEBEBBCON,73,BANQUE NATIONALE DE BELGIQUE,BRUSSELS,None
NBBEBEBBDCK,74,BANQUE NATIONALE DE BELGIQUE,BRUSSELS,None
NBBEBEBBGLB,75,BANQUE NATIONALE DE BELGIQUE,BRUSSELS,None
PRIBBEBBTG2,76,BANQUE PRIVEE EDMOND DE ROTHSCHILD EUROPE, BELGIANBRANCH,BRUSSELS,(TARGET 2)
PRIBBEBB,77,BANQUE PRIVEE EDMOND DE ROTHSCHILD EUROPE, BELGIANBRANCH,BRUSSELS,None
PSABBEB1,78,BANQUE PSA FINANCE SUCCURSALE EN BELGIQUE,BRUSSELS,None
BAUVBEB1,79,BAUDOUX VERTONGEN ET CIE,BRUSSELS,None
BGHVBE21,80,BEECKMANS, VAN GAVER ET CIE, SCS,ANTWERPEN,None
GKCCBEBB,81,BELFIUS BANK SA/NV,BRUSSELS,(HEAD OFFICE)
BENGBEB1,82,BELGIAN NATIONAL REGISTRY,BRUSSELS,None
BELHBEB1,83,BELHYPERION,BRUSSELS,None
BEMBBEB1,84,BEMO HOLDING SA,BRUSSELS,None
CTBKBEBXTGT,85,BEOBANK NV/SA,BRUSSELS,(TARGET2)
CTBKBEBX,86,BEOBANK NV/SA,BRUSSELS,None
XANTBE21,87,BEURS VAN ANTWERPEN (ANTWERP STOCK EXCHANGE),ANTWERPEN,None
BHBEBEB1,88,BHW BAUSPARKASSE AG,BRUSSELS,None
BIBLBE21,89,BINCKBANK NV,ANTWERPEN,None
BIOABE71,90,BIOPARTICIPATIONS SA,MARQUAIN,None
BUSSBE81,91,BKCP SECURITIES NV,KNOKKE-HEIST,None
BMEUBEB1,92,BMCE EUROSERVICES,BRUSSELS,None
GEBABEBB01A,93,BNP PARIBAS FORTIS (FORTIS BANK SA/NV),AALST,None
GEBABEBB18A,94,BNP PARIBAS FORTIS (FORTIS BANK SA/NV),ANTWERPEN,None
GEBABEBB02A,95,BNP PARIBAS FORTIS (FORTIS BANK SA/NV),ARLON,None
GEBABEBB13A,96,BNP PARIBAS FORTIS (FORTIS BANK SA/NV),BRUGGE,None
GEBABEBB,97,BNP PARIBAS FORTIS (FORTIS BANK SA/NV),BRUSSELS,(ALL BELGIAN OFFICES)
GEBABEBBLDN,98,BNP PARIBAS FORTIS (FORTIS BANK SA/NV),BRUSSELS,(EQUITY TRADING LSE)
GEBABEBB36A,99,BNP PARIBAS FORTIS (FORTIS BANK SA/NV),BRUSSELS,(HEAD OFFICE)
GEBABEBBIPA,100,BNP PARIBAS FORTIS (FORTIS BANK SA/NV),BRUSSELS,(INTERNAL PROCESS ACCOUNT)
GEBABEBBSSD,101,BNP PARIBAS FORTIS (FORTIS BANK SA/NV),BRUSSELS,(PROPRIETARY TRADING EQUITIES)
GEBABEBB00A,102,BNP PARIBAS FORTIS (FORTIS BANK SA/NV),BRUSSELS,None
GEBABEBBALM,103,BNP PARIBAS FORTIS (FORTIS BANK SA/NV),BRUSSELS,None
GEBABEBBDBK,104,BNP PARIBAS FORTIS (FORTIS BANK SA/NV),BRUSSELS,None
GEBABEBB03A,105,BNP PARIBAS FORTIS (FORTIS BANK SA/NV),CHARLEROI,None
GEBABEBB08E,106,BNP PARIBAS FORTIS (FORTIS BANK SA/NV),GENK,None
GEBABEBB05A,107,BNP PARIBAS FORTIS (FORTIS BANK SA/NV),GENT,None
GEBABEBB14A,108,BNP PARIBAS FORTIS (FORTIS BANK SA/NV),HASSELT,None
GEBABEBB07B,109,BNP PARIBAS FORTIS (FORTIS BANK SA/NV),HUY,None
GEBABEBB04A,110,BNP PARIBAS FORTIS (FORTIS BANK SA/NV),KORTRIJK,None
GEBABEBB06A,111,BNP PARIBAS FORTIS (FORTIS BANK SA/NV),LA LOUVIERE,None
GEBABEBB08A,112,BNP PARIBAS FORTIS (FORTIS BANK SA/NV),LEUVEN,None
GEBABEBB07A,113,BNP PARIBAS FORTIS (FORTIS BANK SA/NV),LIEGE,None
GEBABEBB08B,114,BNP PARIBAS FORTIS (FORTIS BANK SA/NV),MECHELEN,None
GEBABEBB09A,115,BNP PARIBAS FORTIS (FORTIS BANK SA/NV),MONS,None
GEBABEBB10A,116,BNP PARIBAS FORTIS (FORTIS BANK SA/NV),NAMUR,None
GEBABEBB18B,117,BNP PARIBAS FORTIS (FORTIS BANK SA/NV),NINOVE,None
GEBABEBB06B,118,BNP PARIBAS FORTIS (FORTIS BANK SA/NV),NIVELLES,None
GEBABEBB05B,119,BNP PARIBAS FORTIS (FORTIS BANK SA/NV),ROESELARE,None
GEBABEBB01B,120,BNP PARIBAS FORTIS (FORTIS BANK SA/NV),SINT-NIKLAAS,None
GEBABEBB08C,121,BNP PARIBAS FORTIS (FORTIS BANK SA/NV),TIENEN,None
GEBABEBB11A,122,BNP PARIBAS FORTIS (FORTIS BANK SA/NV),TOURNAI,None
GEBABEBB08D,123,BNP PARIBAS FORTIS (FORTIS BANK SA/NV),TURNHOUT,None
GEBABEBB12A,124,BNP PARIBAS FORTIS (FORTIS BANK SA/NV),VERVIERS,None
GEBABEBB07C,125,BNP PARIBAS FORTIS (FORTIS BANK SA/NV),WAREMME,None
FIMGBEBB,126,BNP PARIBAS IP BELGIUM SA,BRUSSELS,None
BPPBBEB1,127,BNP PARIBAS PRIVATE BANK,BRUSSELS,None
PARBBEB1,128,BNP PARIBAS SECURITIES SERVICES,,BRUSSELS,None
PARBBEBH,129,BNP PARIBAS SECURITIES SERVICES,,BRUSSELS,None
PARBBEB1000,130,BNP PARIBAS SECURITIES SERVICES, BELGIUM,BRUSSELS,(BRUSSELS)
PARBBEB1001,131,BNP PARIBAS SECURITIES SERVICES, BELGIUM,BRUSSELS,(BRUSSELS)
PARBBEB1002,132,BNP PARIBAS SECURITIES SERVICES, BELGIUM,BRUSSELS,(BRUSSELS)
PARBBEB1003,133,BNP PARIBAS SECURITIES SERVICES, BELGIUM,BRUSSELS,(BRUSSELS)
PARBBEB1004,134,BNP PARIBAS SECURITIES SERVICES, BELGIUM,BRUSSELS,(BRUSSELS)
PARBBEB1005,135,BNP PARIBAS SECURITIES SERVICES, BELGIUM,BRUSSELS,(BRUSSELS)
PARBBEB1006,136,BNP PARIBAS SECURITIES SERVICES, BELGIUM,BRUSSELS,(BRUSSELS)
PARBBEB1007,137,BNP PARIBAS SECURITIES SERVICES, BELGIUM,BRUSSELS,(BRUSSELS)
PARBBEB1008,138,BNP PARIBAS SECURITIES SERVICES, BELGIUM,BRUSSELS,(BRUSSELS)
PARBBEB1009,139,BNP PARIBAS SECURITIES SERVICES, BELGIUM,BRUSSELS,(BRUSSELS)
PARBBEB1010,140,BNP PARIBAS SECURITIES SERVICES, BELGIUM,BRUSSELS,(BRUSSELS)
PARBBEB1011,141,BNP PARIBAS SECURITIES SERVICES, BELGIUM,BRUSSELS,(BRUSSELS)
PARBBEB1012,142,BNP PARIBAS SECURITIES SERVICES, BELGIUM,BRUSSELS,(BRUSSELS)
PARBBEB1013,143,BNP PARIBAS SECURITIES SERVICES, BELGIUM,BRUSSELS,(BRUSSELS)
PARBBEB1014,144,BNP PARIBAS SECURITIES SERVICES, BELGIUM,BRUSSELS,(BRUSSELS)
PARBBEB1015,145,BNP PARIBAS SECURITIES SERVICES, BELGIUM,BRUSSELS,(BRUSSELS)
PARBBEB1016,146,BNP PARIBAS SECURITIES SERVICES, BELGIUM,BRUSSELS,(BRUSSELS)
PARBBEB1017,147,BNP PARIBAS SECURITIES SERVICES, BELGIUM,BRUSSELS,(BRUSSELS)
PARBBEB1018,148,BNP PARIBAS SECURITIES SERVICES, BELGIUM,BRUSSELS,(BRUSSELS)
PARBBEB1019,149,BNP PARIBAS SECURITIES SERVICES, BELGIUM,BRUSSELS,(BRUSSELS)
PARBBEB1020,150,BNP PARIBAS SECURITIES SERVICES, BELGIUM,BRUSSELS,(BRUSSELS)
PARBBEB1021,151,BNP PARIBAS SECURITIES SERVICES, BELGIUM,BRUSSELS,(BRUSSELS)
PARBBEB1022,152,BNP PARIBAS SECURITIES SERVICES, BELGIUM,BRUSSELS,(BRUSSELS)
PARBBEB1023,153,BNP PARIBAS SECURITIES SERVICES, BELGIUM,BRUSSELS,(BRUSSELS)
PARBBEB1024,154,BNP PARIBAS SECURITIES SERVICES, BELGIUM,BRUSSELS,(BRUSSELS)
PARBBEB1025,155,BNP PARIBAS SECURITIES SERVICES, BELGIUM,BRUSSELS,(BRUSSELS)
PARBBEB1026,156,BNP PARIBAS SECURITIES SERVICES, BELGIUM,BRUSSELS,(BRUSSELS)
PARBBEB1027,157,BNP PARIBAS SECURITIES SERVICES, BELGIUM,BRUSSELS,(BRUSSELS)
PARBBEB1028,158,BNP PARIBAS SECURITIES SERVICES, BELGIUM,BRUSSELS,(BRUSSELS)
PARBBEB1029,159,BNP PARIBAS SECURITIES SERVICES, BELGIUM,BRUSSELS,(BRUSSELS)
PARBBEB1030,160,BNP PARIBAS SECURITIES SERVICES, BELGIUM,BRUSSELS,(BRUSSELS)
PARBBEB1031,161,BNP PARIBAS SECURITIES SERVICES, BELGIUM,BRUSSELS,(BRUSSELS)
PARBBEB1032,162,BNP PARIBAS SECURITIES SERVICES, BELGIUM,BRUSSELS,(BRUSSELS)
PARBBEB1033,163,BNP PARIBAS SECURITIES SERVICES, BELGIUM,BRUSSELS,(BRUSSELS)
PARBBEB1034,164,BNP PARIBAS SECURITIES SERVICES, BELGIUM,BRUSSELS,(BRUSSELS)
PARBBEB1035,165,BNP PARIBAS SECURITIES SERVICES, BELGIUM,BRUSSELS,(BRUSSELS)
PARBBEB1036,166,BNP PARIBAS SECURITIES SERVICES, BELGIUM,BRUSSELS,(BRUSSELS)
PARBBEB1037,167,BNP PARIBAS SECURITIES SERVICES, BELGIUM,BRUSSELS,(BRUSSELS)
PARBBEB1038,168,BNP PARIBAS SECURITIES SERVICES, BELGIUM,BRUSSELS,(BRUSSELS)
PARBBEB1039,169,BNP PARIBAS SECURITIES SERVICES, BELGIUM,BRUSSELS,(BRUSSELS)
PARBBEB1040,170,BNP PARIBAS SECURITIES SERVICES, BELGIUM,BRUSSELS,(BRUSSELS)
PARBBEB1041,171,BNP PARIBAS SECURITIES SERVICES, BELGIUM,BRUSSELS,(BRUSSELS)
PARBBEB1042,172,BNP PARIBAS SECURITIES SERVICES, BELGIUM,BRUSSELS,(BRUSSELS)
PARBBEB1043,173,BNP PARIBAS SECURITIES SERVICES, BELGIUM,BRUSSELS,(BRUSSELS)
PARBBEB1044,174,BNP PARIBAS SECURITIES SERVICES, BELGIUM,BRUSSELS,(BRUSSELS)
PARBBEB1045,175,BNP PARIBAS SECURITIES SERVICES, BELGIUM,BRUSSELS,(BRUSSELS)
PARBBEB1046,176,BNP PARIBAS SECURITIES SERVICES, BELGIUM,BRUSSELS,(BRUSSELS)
PARBBEB1047,177,BNP PARIBAS SECURITIES SERVICES, BELGIUM,BRUSSELS,(BRUSSELS)
PARBBEB1048,178,BNP PARIBAS SECURITIES SERVICES, BELGIUM,BRUSSELS,(BRUSSELS)
PARBBEB1049,179,BNP PARIBAS SECURITIES SERVICES, BELGIUM,BRUSSELS,(BRUSSELS)
PARBBEB1050,180,BNP PARIBAS SECURITIES SERVICES, BELGIUM,BRUSSELS,(BRUSSELS)
PARBBEB1051,181,BNP PARIBAS SECURITIES SERVICES, BELGIUM,BRUSSELS,(BRUSSELS)
PARBBEB1052,182,BNP PARIBAS SECURITIES SERVICES, BELGIUM,BRUSSELS,(BRUSSELS)
PARBBEB1053,183,BNP PARIBAS SECURITIES SERVICES, BELGIUM,BRUSSELS,(BRUSSELS)
PARBBEB1054,184,BNP PARIBAS SECURITIES SERVICES, BELGIUM,BRUSSELS,(BRUSSELS)
PARBBEB1055,185,BNP PARIBAS SECURITIES SERVICES, BELGIUM,BRUSSELS,(BRUSSELS)
PARBBEB1056,186,BNP PARIBAS SECURITIES SERVICES, BELGIUM,BRUSSELS,(BRUSSELS)
PARBBEB1057,187,BNP PARIBAS SECURITIES SERVICES, BELGIUM,BRUSSELS,(BRUSSELS)
PARBBEB1058,188,BNP PARIBAS SECURITIES SERVICES, BELGIUM,BRUSSELS,(BRUSSELS)
PARBBEB1059,189,BNP PARIBAS SECURITIES SERVICES, BELGIUM,BRUSSELS,(BRUSSELS)
PARBBEB1060,190,BNP PARIBAS SECURITIES SERVICES, BELGIUM,BRUSSELS,(BRUSSELS)
PARBBEBZ,191,BNP PARIBAS SECURITIES SERVICES, BELGIUM,BRUSSELS,None
PARBBEBZISI,192,BNP PARIBAS SECURITIES SERVICES, BELGIUM,BRUSSELS,None
PARBBEBZMDC,193,BNP PARIBAS SECURITIES SERVICES, BRUSSELS BRANCH,BRUSSELS,(PARIBAS MULTIDIRECT CUSTODY AND CLEARING.MDCC)
GCSDBEBB,194,BNY MELLON CSD SA/NV,BRUSSELS,None
BOALBE22,195,BOREALIS FINANCIAL SERVICES NV,MECHELEN,None
PCHQBEBB,196,BPOST,BRUSSELS,None
BPOTBEBE,197,BPOST BANK-BPOST BANQUE,BRUSSELS,None
BPOTBEB1ISA,198,BPOSTBANK-BPOSTBANQUE,BRUSSELS,(RESTRICTED USE)
BPOTBEB1,199,BPOSTBANK-BPOSTBANQUE,BRUSSELS,None
BCSEBEB1,200,BRANQUART COSTERMANS SECURITIES SA,BRUSSELS,None
BRLEBEB1,201,BRUGS LEENKREDIET BVBA,BRUSSELS,None
XBFOBEB1,202,BRUSSELS EXCHANGES CLEARING HOUSE NV,BRUSSELS,None
BUYWBEBB,203,BUY WAY PERSONAL FINANCE SA,BRUSSELS,None
BYBBBEBB,204,BYBLOS BANK EUROPE S.A.,BRUSSELS,None
CVMCBEBB,205,CA INDOSUEZ WEALTH (EUROPE), BELGIUM BRANCH,BRUSSELS,None
ISAEBEBBFOF,206,CACEIS BANK, BELGIUM BRANCH,BRUSSELS,(FUNDS OF FUNDS)
ISAEBEBBTGT,207,CACEIS BANK, BELGIUM BRANCH,BRUSSELS,(TARGET)
ISAEBEBB,208,CACEIS BANK, BELGIUM BRANCH,BRUSSELS,None
FNETBEBB,209,CACEIS BELGIUM,BRUSSELS,None
CEVNBEB1,210,CAISSE D'EPARGNE DE LA VILLE DE NIVELLES,NIVELLES,None
FCECBEB1,211,CAISSE D'EPARGNE LA FAMILLE,BRUSSELS,None
ESESBEBBMIG,212,CAISSE INTERPROFESSIONNELLE DE DEPOTS ET DE VIREMENTS DE TITRES,BRUSSELS,(ESES MIGRATION)
ESESBEBBCSD,213,CAISSE INTERPROFESSIONNELLE DE DEPOTS ET DE VIREMENTS DE TITRES,BRUSSELS,(ESIDC)
ESESBEBBIAC,214,CAISSE INTERPROFESSIONNELLE DE DEPOTS ET DE VIREMENTS DE TITRES,BRUSSELS,(ISSUER AGENT COUPON)
ESESBEBBIAD,215,CAISSE INTERPROFESSIONNELLE DE DEPOTS ET DE VIREMENTS DE TITRES,BRUSSELS,(ISSUER AGENT DIVIDEND)
ESESBEBBSCC,216,CAISSE INTERPROFESSIONNELLE DE DEPOTS ET DE VIREMENTS DE TITRES,BRUSSELS,(SECURITIES AND COUPON CENTER)
ESESBEBBT2X,217,CAISSE INTERPROFESSIONNELLE DE DEPOTS ET DE VIREMENTS DE TITRES,BRUSSELS,(TARGET2)
ESESBEBB,218,CAISSE INTERPROFESSIONNELLE DE DEPOTS ET DE VIREMENTS DE TITRES,BRUSSELS,None
ESESBEBBFDB,219,CAISSE INTERPROFESSIONNELLE DE DEPOTS ET DE VIREMENTS DE TITRES,BRUSSELS,None
ESESBEBBINT,220,CAISSE INTERPROFESSIONNELLE DE DEPOTS ET DE VIREMENTS DE TITRES,BRUSSELS,None
ESESBEBBLE1,221,CAISSE INTERPROFESSIONNELLE DE DEPOTS ET DE VIREMENTS DE TITRES,BRUSSELS,None
ESESBEBBLE2,222,CAISSE INTERPROFESSIONNELLE DE DEPOTS ET DE VIREMENTS DE TITRES,BRUSSELS,None
DXAMBEBB,223,CANDRIAM BELGIUM,BRUSSELS,None
CFENBEB1,224,CAPITAL AND FINANCE ASSET MANAGEMENT SA,BRUSSELS,None
CAPWBEBB,225,CAPITAL AT WORK SA,BRUSSELS,None
CAFVBEB1,226,CARDIF LEVEN,BRUSSELS,None
CARGBEBL,227,CARFIN SA,LOUVAIN-LA-NEUVE,None
CAFIBEBB,228,CARREFOUR FINANCE SA,BRUSSELS,None
CAFFBEB1,229,CATERPILLAR FINANCE FRANCE SA,BRUSSELS,(SUCCURSALE BELGE)
CREGBEBB,230,CBC BANQUE S.A.,BRUSSELS,(ALL OFFICES)
CREGBEBBTGT,231,CBC BANQUE S.A.,BRUSSELS,(BIC ONLY USED FOR OPEN MARKET TRANSACTIONS AND MONETARY RESERVE)
CREGBEBBNBB,232,CBC BANQUE S.A.,BRUSSELS,(BIC TO BE USED IN THE NBB-SSS FOR IDENTIFYING CBC CLIENT ACCOUNT)
CBPXBE99,233,CBP QUILVEST S.A. (LUXEMBOURG) SUCCURSALE BELGIQUE,SINT-DENIJS-WESTREM,None
CEINBEBB,234,CELIO INTERNATIONAL,BRUSSELS,None
GUSEBEB1,235,CELS SECURITIES N.V.,BRUSSELS,None
HSAABE21,236,CENTEA,ANTWERPEN,None
CEKVBE81,237,CENTRALE KREDIETVERLENING,WAREGEM,None
BCSMBEB1,238,CENTRE FOR EXCHANGE AND CLEARING,BRUSSELS,None
BCSMBEB1STT,239,CENTRE FOR EXCHANGE AND CLEARING,BRUSSELS,None
CEIPBE21,240,CENTURY INVESTMENT,ANTWERPEN,None
CPCHBEBB,241,CHEVRON PHILLIPS CHEMICALS INTERNATIONAL NV,OVERIJSE,None
CHOCBEB1,242,CHOPPINET SPRL,BRUSSELS,None
CITIBEBXSEC,243,CITIBANK EUROPE PLC BELGIUM BRANCH,BRUSSELS,(CITIBANK EUROPE PLC BELGIUM)
CITIBEBX,244,CITIBANK EUROPE PLC BELGIUM BRANCH,BRUSSELS,None
CLIQBEB1,245,CLEARNET BRUSSELS BRANCH,BRUSSELS,None
CMCIBEB1BTB,246,CM-CIC BELGIUM,BRUSSELS,(CM-CIC BANQUE TRANSATLANTIQUE)
CMCIBEB1,247,CM-CIC BELGIUM,BRUSSELS,None
CMCIBEB1SEC,248,CM-CIC BELGIUM,DIEGEM,(CM-CIC SECURITIES BELGIUM)
CDBXBE33,249,CODABOX SA,LEUVEN,None
COBABEB1022,250,COMMERZBANK AG,THE,BRUSSELS BRANCH,ANTWERPEN,None
COBABEBXTBU,251,COMMERZBANK AG,THE,BRUSSELS BRANCH,BRUSSELS,(ADMINISTRATION)
COBABEBX,252,COMMERZBANK AG,THE,BRUSSELS BRANCH,BRUSSELS,None
COBABEBXTSU,253,COMMERZBANK AG,THE,BRUSSELS BRANCH,BRUSSELS,None
CPHBBE75,254,CPH BANQUE,TOURNAI,None
CPHBBE75TG2,255,CPH BANQUE,TOURNAI,None
OCCHBEB1,256,CREDIBE SA,BRUSSELS,None
CREOBEB1,257,CREDIMO N.V.,ASSE,None
CREPBEB1,258,CREDISHOP S.A.,BRUSSELS,None
CRLYBEBBTG2,259,CREDIT AGRICOLE CIB BELGIUM,BRUSSELS,(TARGET 2)
CRLYBEBB,260,CREDIT AGRICOLE CIB BELGIUM,BRUSSELS,None
FBHLBE22TG2,261,CREDIT EUROPE BANK N.V. ANTWERP BRANCH,ANTWERPEN,(TARGET2 TECHNICAL BIC)
FBHLBE22,262,CREDIT EUROPE BANK N.V. ANTWERP BRANCH,ANTWERPEN,None
NICABEBB,263,CRELAN SA/NV (FORMERLY CREDIT AGRICOLE SA/LANDBOUWKREDIET NV),BRUSSELS,None
CRSLBE22,264,CRISTAL BELGIUM,WILLEBROEK,None
CYTEBEBB,265,CYTEC BELGIUM BVBA,DIEGEM,None
DAMCBEB1,266,DAMIEN COURTENS, SPRL,BRUSSELS,None
DAVRBE81,267,DAVENPORT VERMOGENSBEHEER NV,ROESELARE,None
DBOOBEB1,268,DE BOODT ET CIE, GCV,BRUSSELS,None
DBUCBE91,269,DE BUCK EN CIE N.V.,GENT,None
MOFFBEB1,270,DE MOFFARTS, ROLIN JACQUEMYNS S.A.,BRUSSELS,None
DMULBEB1,271,DE MULDER,BEERSE,None
POSSBEB1,272,DE POSSON ET CIE,BRUSSELS,None
DEGBBEB1,273,DECLERCQ AND CO G.C.V. BEURSVENNOOTSCHAP,ANTWERPEN,None
DEGFBEB1,274,DEGROOF SECURITIES, S.A.,BRUSSELS,None
DELNBEB1,275,DELANDE ET CIE SA,BRUSSELS,None
BONVBE91,276,DELTA BEURSVENNOOTSCHAP, BVBA,GENT,None
DHBNBEBB,277,DEMIR-HALK BANK (NEDERLAND) N.V. BRUSSELS BRANCH,BRUSSELS,None
DHBNBEBBTG2,278,DEMIR-HALK BANK (NEDERLAND) N.V. BRUSSELS BRANCH,BRUSSELS,None
DEUTBEBEANT,279,DEUTSCHE BANK A.G.,ANTWERPEN,None
DEUTBEBE,280,DEUTSCHE BANK A.G.,BRUSSELS,None
DEUTBEBEUNP,281,DEUTSCHE BANK A.G.,BRUSSELS,None
BASCBEB1,282,DEXIA SECURITIES BELGIUM SA,BRUSSELS,None
DIERBE21,283,DIERICKX LEYS EN CIE EFFECTENBANK NV,ANTWERPEN,None
DRIEBE91,284,DRIEGE EN CO, BVBA,GENT,None
XEASBEB1,285,EASDAQ S.A.,BRUSSELS,None
ECFCBEBB,286,ECONOCOM FINANCE SNC,BRUSSELS,None
EDFRBEB1,287,EDF INVESTISSEMENTS GROUPE,BRUSSELS,None
ELERBEB1,288,ELECTRABEL SA,BRUSSELS,None
ENEIBEB1,289,ENERGY EUROPE INVEST,BRUSSELS,None
EPBFBEBB,290,EPBF,WATERMAEL BOITSFORT,None
SECUBEB1,291,ES SECURITIES,BRUSSELS,None
ETAMBEBB,292,ETAMINT,BRUSSELS,None
ETEXBEBB,293,ETEX S.A.,BRUSSELS,None
ETHDBE44,294,ETHIAS DROIT COMMUN, ASSOCIATION D'ASS. MUTUELLES,LIEGE,None
NAETBE21,295,ETHIAS SA,LIEGE,None
ETHVBE44,296,ETHIAS VIE, ASSOCIATION D'ASSURANCES MUTUELLES,LIEGE,None
MGTCBEBEE16,297,EUROCLEAR BANK S.A / N.V,BRUSSELS,(BUSINESS BRANCH)
MGTCBEBEE17,298,EUROCLEAR BANK S.A / N.V,BRUSSELS,(BUSINESS BRANCH)
MGTCBEBEEB2,299,EUROCLEAR BANK S.A / N.V,BRUSSELS,(ESES IMPACT EB)
MGTCBEBEEBE,300,EUROCLEAR BANK S.A / N.V,BRUSSELS,(ESES IMPACT EB)
MGTCBEBEEF2,301,EUROCLEAR BANK S.A / N.V,BRUSSELS,(ESES IMPACT EB)
MGTCBEBEEFR,302,EUROCLEAR BANK S.A / N.V,BRUSSELS,(ESES IMPACT EB)
MGTCBEBEEN2,303,EUROCLEAR BANK S.A / N.V,BRUSSELS,(ESES IMPACT EB)
MGTCBEBEENL,304,EUROCLEAR BANK S.A / N.V,BRUSSELS,(ESES IMPACT EB)
MGTCBEBEE01,305,EUROCLEAR BANK S.A / N.V,BRUSSELS,(EUROCLEAR BELGIUM/CIK SETTLEMENT EXCLUSIVELY)
MGTCBEBEFNS,306,EUROCLEAR BANK S.A / N.V,BRUSSELS,(FUNDS SIX SIS)
MGTCBEBEFND,307,EUROCLEAR BANK S.A / N.V,BRUSSELS,(FUNDSETTLE)
MGTCBEBEL13,308,EUROCLEAR BANK S.A / N.V,BRUSSELS,(LCH CLIENT BIC)
MGTCBEBEL14,309,EUROCLEAR BANK S.A / N.V,BRUSSELS,(LCH CLIENT BIC)
MGTCBEBEL01,310,EUROCLEAR BANK S.A / N.V,BRUSSELS,(LCH CLIENT)
MGTCBEBEL02,311,EUROCLEAR BANK S.A / N.V,BRUSSELS,(LCH CLIENT)
MGTCBEBEL03,312,EUROCLEAR BANK S.A / N.V,BRUSSELS,(LCH CLIENT)
MGTCBEBEL04,313,EUROCLEAR BANK S.A / N.V,BRUSSELS,(LCH CLIENT)
MGTCBEBEL05,314,EUROCLEAR BANK S.A / N.V,BRUSSELS,(LCH CLIENT)
MGTCBEBEL06,315,EUROCLEAR BANK S.A / N.V,BRUSSELS,(LCH CLIENT)
MGTCBEBEL07,316,EUROCLEAR BANK S.A / N.V,BRUSSELS,(LCH CLIENT)
MGTCBEBEL08,317,EUROCLEAR BANK S.A / N.V,BRUSSELS,(LCH CLIENT)
MGTCBEBEL09,318,EUROCLEAR BANK S.A / N.V,BRUSSELS,(LCH CLIENT)
MGTCBEBEL10,319,EUROCLEAR BANK S.A / N.V,BRUSSELS,(LCH CLIENT)
MGTCBEBEL11,320,EUROCLEAR BANK S.A / N.V,BRUSSELS,(LCH CLIENT)
MGTCBEBEL12,321,EUROCLEAR BANK S.A / N.V,BRUSSELS,(LCH CLIENT)
MGTCBEBE,322,EUROCLEAR BANK S.A / N.V,BRUSSELS,None
MGTCBEBECLT,323,EUROCLEAR BANK S.A / N.V,BRUSSELS,None
MGTCBEBEE14,324,EUROCLEAR BANK S.A / N.V,BRUSSELS,None
MGTCBEBEECL,325,EUROCLEAR BANK S.A / N.V,BRUSSELS,None
MGTCBEBET01,326,EUROCLEAR BANK S.A / N.V,BRUSSELS,None
MGTCBEBET02,327,EUROCLEAR BANK S.A / N.V,BRUSSELS,None
MGTCBEBET03,328,EUROCLEAR BANK S.A / N.V,BRUSSELS,None
MGTCBEBET04,329,EUROCLEAR BANK S.A / N.V,BRUSSELS,None
MGTCBEBET05,330,EUROCLEAR BANK S.A / N.V,BRUSSELS,None
MGTCBEBET06,331,EUROCLEAR BANK S.A / N.V,BRUSSELS,None
MGTCBEBET07,332,EUROCLEAR BANK S.A / N.V,BRUSSELS,None
MGTCBEBET08,333,EUROCLEAR BANK S.A / N.V,BRUSSELS,None
MGTCBEBET09,334,EUROCLEAR BANK S.A / N.V,BRUSSELS,None
MGTCBEBET10,335,EUROCLEAR BANK S.A / N.V,BRUSSELS,None
MGTCBEBET11,336,EUROCLEAR BANK S.A / N.V,BRUSSELS,None
MGTCBEBET12,337,EUROCLEAR BANK S.A / N.V,BRUSSELS,None
MGTCBEBET13,338,EUROCLEAR BANK S.A / N.V,BRUSSELS,None
MGTCBEBET14,339,EUROCLEAR BANK S.A / N.V,BRUSSELS,None
MGTCBEBET15,340,EUROCLEAR BANK S.A / N.V,BRUSSELS,None
MGTCBEBET16,341,EUROCLEAR BANK S.A / N.V,BRUSSELS,None
MGTCBEBET17,342,EUROCLEAR BANK S.A / N.V,BRUSSELS,None
MGTCBEBET18,343,EUROCLEAR BANK S.A / N.V,BRUSSELS,None
MGTCBEBET19,344,EUROCLEAR BANK S.A / N.V,BRUSSELS,None
MGTCBEBET20,345,EUROCLEAR BANK S.A / N.V,BRUSSELS,None
CIKBBEBBDIF,346,EUROCLEAR BELGIUM (PREVIOUSLY KNOWN AS CIK BELGIUM),BRUSSELS,(DOMESTIC INVESTMENT FUNDS SETTLEMENT)
CIKBBEBB013,347,EUROCLEAR BELGIUM (PREVIOUSLY KNOWN AS CIK BELGIUM),BRUSSELS,(EBE - ESIDC)
CIKBBEBBEA1,348,EUROCLEAR BELGIUM (PREVIOUSLY KNOWN AS CIK BELGIUM),BRUSSELS,(ESES ACPT 1)
CIKBBEBBEA2,349,EUROCLEAR BELGIUM (PREVIOUSLY KNOWN AS CIK BELGIUM),BRUSSELS,(ESES ACPT 2)
CIKBBEBBEA3,350,EUROCLEAR BELGIUM (PREVIOUSLY KNOWN AS CIK BELGIUM),BRUSSELS,(ESES ACPT 3)
CIKBBEBBMIG,351,EUROCLEAR BELGIUM (PREVIOUSLY KNOWN AS CIK BELGIUM),BRUSSELS,(ESES MIGRATION)
CIKBBEBBCLR,352,EUROCLEAR BELGIUM (PREVIOUSLY KNOWN AS CIK BELGIUM),BRUSSELS,(SETTLEMENT DEPARTMENT)
CIKBBEBB,353,EUROCLEAR BELGIUM (PREVIOUSLY KNOWN AS CIK BELGIUM),BRUSSELS,None
TRGGBEB1,354,EUROCLEAR SA,BRUSSELS,None
ENXBBEB1,355,EURONEXT BRUSSELS NV,BRUSSELS,None
EUALBEB1,356,EUROP ASSISTANCE BELGIUM SA,BRUSSELS,None
EURBBE99,357,EUROPABANK N.V.,GENT,None
EUCOBEBB,358,EUROPEAN COMMISSION (DG BUDGET),BRUSSELS,None
EUCOBEBBSRB,359,EUROPEAN COMMISSION (DG BUDGET),BRUSSELS,None
ERVTBEBN,360,EURVEST S.A.,NIVELLES,None
FVLBBE2E,361,EVI,ANTWERPEN,None
DEVSBE41,362,F. DELCOUR, A. VANCRAYEBECK ET F. SACRE, SPRL,LIEGE,None
FVLBBE22,363,F. VAN LANSCHOT BANKIERS BELGIE N.V.,ANTWERPEN,None
FVLBBE22001,364,F. VAN LANSCHOT BANKIERS BELGIE N.V.,ANTWERPEN,None
FGRNBE88,365,FAGRON N.V.,WAREGEM,None
FCEFBE21,366,FCE BANK PLC,ANTWERPEN,None
FMMSBEB1,367,FIMASER,BRUSSELS,None
FINRBEB1,368,FINACOR,BRUSSELS,None
FRCSBEBB,369,FINANCIERE REMY COINTREAU SA/NV,BRUSSELS,None
FNNPBE21,370,FINPARTNER,BERCHEM,None
FORDBE21,371,FORD CREDIT EUROPE PLC,ANTWERPEN,None
FPHEBEB1,372,FPS HEALTH,BRUSSELS,None
FUJIBEB1,373,FUJI BANK, LTD., THE, BRUSSELS BRANCH,BRUSSELS,None
GEBLBEB1,374,GESTRABEL, SPRL,BRUSSELS,None
GOETBE91,375,GOETHALS EN CO, GCV,AALST,None
GOLABEB1,376,GOFFIN - LANNOY ET CIE, S.A.,BRUSSELS,None
GOCFBEB1,377,GOLD COMMODITIES FOREX,ALSEMBERG,None
GSSSBEB1,378,GROUP S - SOCIAAL SECRETARIAAT V.Z.W,BRUSSELS,None
HABBBEBB,379,HABIB BANK LTD.,BRUSSELS,None
HABBBEBB001,380,HABIB BANK LTD.,BRUSSELS,None
HEBBBEB1,381,HEWLETT-PACKARD BELGIUM S.P.R.L./ B.V.B.A.,BRUSSELS,None
HCCCBEB1,382,HEWLETT-PACKARD COORDINATION CENTER C.V.B.A./S.C.R.L.,BRUSSELS,None
HNRSBEB1,383,HOULIHAN ROVERS S.A.,BRUSSELS,None
HSBCBEBBSDD,384,HSBC BANK PLC,BRUSSELS,(SEPA DIRECT DEBITS)
HSBCBEBB,385,HSBC BANK PLC,BRUSSELS,None
HUVVBE91,386,HULPKAS VOOR VOLKSKREDIET N.V.,AALST,None
HBMSBE21,387,HYPOTHEEK-, BELEGGINGSMAATSCHAPPIJ EN SPAARBANK,ANTWERPEN,None
HYBVBE81,388,HYPOTHEEKMAATSCHAPPIJ DE BEIDE VLAANDEREN NV,KORTEMARK,None
IBAPBEBL,389,IBA PHARMA SPRL,LOUVAIN-LA-NEUVE,None
FXBBBEBB,390,IBANFIRST,BRUSSELS,None
ICICBE2X,391,ICICI BANK UK PLC,ANTWERPEN,None
IGORBEBB,392,IMAGOR N.V.,BRUSSELS,None
ICBKBEBBTG2,393,INDUSTRIAL AND COMMERCIAL BANK OF CHINA (EUROPE) S.A., BRUSSELS BRANCH,BRUSSELS,(NBB REQUIRED RESERVES)
ICBKBEBB,394,INDUSTRIAL AND COMMERCIAL BANK OF CHINA (EUROPE) S.A., BRUSSELS BRANCH,BRUSSELS,None
INGBBEB1,395,ING BANK NV BELGIAN BRANCH,BRUSSELS,None
BBRUBEBB200,396,ING BELGIUM NV/SA (FORMERLY BANK BRUSSELS LAMBERT SA) ANTWERPEN,ANTWERPEN,None
BBRUBEBB930,397,ING BELGIUM NV/SA (FORMERLY BANK BRUSSELS LAMBERT SA), AALST,AALST,None
BBRUBEBB800,398,ING BELGIUM NV/SA (FORMERLY BANK BRUSSELS LAMBERT SA), BRUGGE,BRUGGE,None
BBRUBEBB,399,ING BELGIUM NV/SA (FORMERLY BANK BRUSSELS LAMBERT SA), BRUSSELS,BRUSSELS,(ALL BRANCHES)
BBRUBEBB100,400,ING BELGIUM NV/SA (FORMERLY BANK BRUSSELS LAMBERT SA), BRUSSELS,BRUSSELS,(BRANCH)
BBRUBEBBCLS,401,ING BELGIUM NV/SA (FORMERLY BANK BRUSSELS LAMBERT SA), BRUSSELS,BRUSSELS,(CONTINUOUS LINKED SETTLEMENT)
BBRUBEBB010,402,ING BELGIUM NV/SA (FORMERLY BANK BRUSSELS LAMBERT SA), BRUSSELS,BRUSSELS,(HEAD OFFICE)
BBRUBEBBVYS,403,ING BELGIUM NV/SA (FORMERLY BANK BRUSSELS LAMBERT SA), BRUSSELS,BRUSSELS,(MT940 ROUTING INDIA)
BBRUBEBB600,404,ING BELGIUM NV/SA (FORMERLY BANK BRUSSELS LAMBERT SA), CHARLEROI,CHARLEROI,None
BBRUBEBB900,405,ING BELGIUM NV/SA (FORMERLY BANK BRUSSELS LAMBERT SA), GENT,GENT,None
BBRUBEBB350,406,ING BELGIUM NV/SA (FORMERLY BANK BRUSSELS LAMBERT SA), HASSELT,HASSELT,None
BBRUBEBB850,407,ING BELGIUM NV/SA (FORMERLY BANK BRUSSELS LAMBERT SA), KORTRIJK,KORTRIJK,None
BBRUBEBB300,408,ING BELGIUM NV/SA (FORMERLY BANK BRUSSELS LAMBERT SA), LEUVEN,LEUVEN,None
BBRUBEBB400,409,ING BELGIUM NV/SA (FORMERLY BANK BRUSSELS LAMBERT SA), LIEGE,LIEGE,None
BBRUBEBB700,410,ING BELGIUM NV/SA (FORMERLY BANK BRUSSELS LAMBERT SA), MONS,MONS,None
IRISBEB1,411,IRIS SECURITIES, STE. COOP.,BRUSSELS,None
ISAZBEB1,412,ISABEL NV,BRUSSELS,None
QUATBE81,413,J. QUATANNENS EN CO NV,ANZEGEM,None
CHASBEE1,414,J.P. MORGAN EUROPE LIMITED,BRUSSELS,None
JPMGBEBBTG2,415,J.P. MORGAN INTERNATIONAL BANK LIMITED,BRUSSELS,(BRUSSELS BRANCH)
JPMGBEBBMOM,416,J.P. MORGAN INTERNATIONAL BANK LIMITED,BRUSSELS,(MOM DEPARTMENT)
JPMGBEBB,417,J.P. MORGAN INTERNATIONAL BANK LIMITED,BRUSSELS,None
JOJOBE22,418,JC GENERAL SERVICES CVBA,BEERSE,None
JOCIBEBB,419,JOHNSON CONTROLS INTERNATIONAL NV,DIEGEM,None
CHASBEBXTG2,420,JPMORGAN CHASE BANK, N.A., BRUSSELS BRANCH,BRUSSELS,(BRUSSELS BRANCH)
CHASBEBXENQ,421,JPMORGAN CHASE BANK, N.A., BRUSSELS BRANCH,BRUSSELS,(TELEX AND S.W.I.F.T. MESSAGE ENQUIRIES)
CHASBEBXKEY,422,JPMORGAN CHASE BANK, N.A., BRUSSELS BRANCH,BRUSSELS,(TEST KEY AND BKE ADMINISTRATION)
CHASBEBX,423,JPMORGAN CHASE BANK, N.A., BRUSSELS BRANCH,BRUSSELS,None
KBCABEBB,424,KBC ASSET MANAGEMENT,BRUSSELS,None
ADIABE22,425,KBC BANK N.V. BC DIAMANT,ANTWERPEN,None
KREDBEBB250,426,KBC BANK NV,AALST,None
KREDBEBB022,427,KBC BANK NV,ANTWERPEN,(TRADE FIN. ANTWERP)
KREDBEBBCLS,428,KBC BANK NV,BRUSSELS,(CLS SERVICES)
KREDBEBBLCH,429,KBC BANK NV,BRUSSELS,(TO IDENTIFY SEP. CASH ACCOUNT (FOR LCH.REPOCLEAR LONDON) WITHIN NBB)
KREDBEBB,430,KBC BANK NV,BRUSSELS,None
KREDBEBB100,431,KBC BANK NV,BRUSSELS,None
KREDBEBB387,432,KBC BANK NV,BRUSSELS,None
KREDBEBBCLE,433,KBC BANK NV,BRUSSELS,None
KREDBEBB085,434,KBC BANK NV,GENT,(TRADE FIN. FLANDERS)
KREDBEBB460,435,KBC BANK NV,TIENEN,None
FDCOBEB1,436,KBC LEASE HOLDING NV,LEUVEN,None
KBSEBE22CBL,437,KBC SECURITIES N.V.,ANTWERPEN,(BIC TO IDENTIFY CASHACCOUNT AT NBB (USED FOR CLEARSTREAM BANKING LUX)
KBSEBE22,438,KBC SECURITIES N.V.,BRUSSELS,None
KBSEBE22882,439,KBC SECURITIES N.V.,BRUSSELS,None
KECOBE21,440,KEMPEN EN CO. BELGIE,ANTWERPEN,None
KEYTBEBB,441,KEYTRADE BANK SA/NV,BRUSSELS,None
KEYTBEBBADM,442,KEYTRADE BANK SA/NV,BRUSSELS,None
KREFBE21,443,KREFIMA N.V./S.A.,ANTWERPEN,None
CAFXBEB1,444,LA CAMBRE FUNDS BRUXELLES,BRUSSELS,None
LWAIBE81,445,LAWAISSE PHILIPPE EN CO, GCV,KORTRIJK,None
LFGBBEB1,446,LAZARD FRERES GESTION BELGIQUE,BRUSSELS,None
LPEIBEBB,447,LE PEIGNE,BRUSSELS,None
LDENBE81,448,LEDENT EN CO.,KNOKKE-HEIST,None
LEDSBE81,449,LEEN- EN DEPOSITOKAS,IEPER,None
LABEBEBB,450,LELEUX ASSOCIATED BROKERS,BRUSSELS,None
JLECBE71,451,LELEUX ASSOCIATED BROKERS SA,SOIGNIES,None
LEPSBEB1,452,LELEUX PARTNERS SA,BRUSSELS,None
LSTVBE21,453,LEO STEVENS EN CIE BVBA,ANTWERPEN,None
LIEKBE21,454,LIEKENS R.,ANTWERPEN,None
LOGEBEB1,455,LOGE ET ASSOCIES, SPRL,BRUSSELS,None
LOGIBEB1,456,LOGINVEST SA,BRUSSELS,None
LOCYBEBBNDP,457,LOMBARD ODIER (EUROPE) S.A.,BRUSSELS,(NDP DEPT)
LOCYBEBB,458,LOMBARD ODIER (EUROPE) S.A.,BRUSSELS,None
FDABBEB1,459,M .FINANCE DEBT AGENCY BELGIUM,BRUSSELS,None
MGTOBE44,460,MAGOTTEAUX FINANCIAL CENTER,CHAUDFONTAINE,None
MPPFBEB1,461,MAPFRE RE,BRUSSELS,None
MBWMBEBB,462,MEDIRECT BANK,BRUSSELS,None
MELCBEB1,463,MELICE ET CIE,BRUSSELS,None
MELSBE91,464,MELIS EN CO, VOF,MELSELE,None
MEPTBE21,465,MERIT CAPITAL,BERCHEM,None
MIGOBEB1,466,MICHEL GOFFIN ET CIE S.A.,BRUSSELS,None
MDELBEB1,467,MIGNON HANART DECLERCK SPRL,BRUSSELS,None
MHCBBEBBTGT,468,MIZUHO BANK EUROPE N.V., BRUSSELS BRANCH,BRUSSELS,(TARGET NBB)
MHCBBEBB,469,MIZUHO BANK EUROPE N.V., BRUSSELS BRANCH,BRUSSELS,None
MBBMBE21,470,MKG-BANK BELGIEN (BRANCH OF MCE BANK GMBH),KONTICH,None
HYMOBE31,471,MOBIS PARTS EUROPE N.V.,LUMMEN,None
COVEBE71,472,MONABANQ SOCIETE ANONYME,TOURNAI,None
MTPSBEBB,473,MONEYTRANS PAYMENT SERVICES,BRUSSELS,None
MCSVBEB1,474,MOUSE COMPUTER SERVICES,HALLE,None
BMTSBEBB,475,MTS ASSOCIATED MARKETS,BRUSSELS,None
BOTKBEBX,476,MUFG BANK (EUROPE) N.V. BRUSSELS BRANCH (FORMERLY THE BANK OF TOKYO-MITSUBISHI UFJ, LTD.),BRUSSELS,(BRUSSELS BRANCH)
BOTKBEBXT2B,477,MUFG BANK (EUROPE) N.V. BRUSSELS BRANCH (FORMERLY THE BANK OF TOKYO-MITSUBISHI UFJ, LTD.),BRUSSELS,None
MUROBEB1,478,MUNTERS ROGER ET CIE,BRUSSELS,None
CRARBE21,479,N.V. CREDITMAR,ANTWERPEN,(MAATSCHAPPELIJKE ZETEL)
NANLBE21,480,NATEUS NV,ANTWERPEN,None
NATXBEB1,481,NATIXIS BANK (LUXEMBOURG) SUCCURSALE DE BELGIQUE,BRUSSELS,None
NEDEBEB1,482,NEDEE AND CO C.V.,BRUSSELS,None
NEXABEBB,483,NEXANS SERVICES SA,BRUSSELS,None
DNIBBE21,484,NIBC BANK N.V,BRUSSELS,None
NJRIBEB1,485,NJR INVESTMENT,BRUSSELS,None
NLMKBE6L,486,NLMK BELGIUM HOLDINGS SA,LA LOUVIERE,None
IKEABEBB,487,NV IKEA SERVICE CENTRE SA,ZAVENTEM,None
OMEGBE9A,488,OMEGA PHARMA CAPITAL NV,NAZARETH,None
OONXBEB1,489,OONEX,BRUSSELS,None
OTCSBEB1,490,OPTION TRADING COMPANY SA/NV,BRUSSELS,None
OPAABE21,491,ORBIT PRIVATE ASSET MANAGEMENT SARL,ANTWERPEN,None
ASUUBEB1,492,P AND V ASSURANCES,BRUSSELS,None
SPRIBE21,493,P. SPRIET EN CO, BVBA,ANTWERPEN,None
PESCBEB1,494,P.E. SECURITIES, SPRL,BRUSSELS,None
PYDEBEB1,495,PH. ET Y. DE COSTER SPRL,BRUSSELS,None
PIREBE61,496,PIRE ET CIE SA,CHARLEROI,None
PUILBEBBTG2,497,PUILAETCO DEWAAY PRIVATE BANKERS,BRUSSELS,(TARGET2)
PUILBEBB,498,PUILAETCO DEWAAY PRIVATE BANKERS,BRUSSELS,None
HAVABEB1,499,R. HAVAUX ET CIE, SCS,BRUSSELS,None
ROPSBEB1,500,R.B. ET F. ROPSY ET CIE, SPRL,BRUSSELS,None
RABOBE22TAR,501,RABOBANK ANTWERP,ANTWERPEN,(ONLY USE ON REQUEST)
RABOBE22,502,RABOBANK ANTWERP,ANTWERPEN,None
RABOBE23,503,RABOBANK ANTWERP (CORPORATE BANK),BERCHEM,None
RMPLBEB1,504,RAMPELBERGS ET CIE SA,BRUSSELS,None
DXFSBEBBFAD,505,RBC INVESTOR SERVICES BELGIUM,BRUSSELS,(FUND ADMINISTRATION)
DXFSBEBBSHS,506,RBC INVESTOR SERVICES BELGIUM,BRUSSELS,(SHAREHOLDERS SERVICES)
DXFSBEBB,507,RBC INVESTOR SERVICES BELGIUM,BRUSSELS,None
HBKABE22,508,RECORD BANK NV,GENT,None
HBKABE22TA2,509,RECORD BANK NV,GENT,None
RECLBEBB,510,RECTICEL S.A.,BRUSSELS,None
REFFBEB1,511,REMY FRERES ET FILS S.A.,BRUSSELS,None
RETSBEB1,512,REYERS BEAUVOIS DE VILLENFAGNE SA,BRUSSELS,None
RIGABEB1,513,RIGA ET CIE, S.A.,WAVRE,None
RBCOBEB1,514,ROBECO,BRUSSELS,None
RONFBE61,515,RONFLETTE ET CIE, SPRL,CHARLEROI,None
RCBPBEBBTG2,516,ROTHSCHILD BELGIQUE,BRUSSELS,(TECH. PARTICIPANT)
RCBPBEBB,517,ROTHSCHILD BELGIQUE,BRUSSELS,None
SWHQBEBBADS,518,S.W.I.F.T. HEADQUARTERS,LA HULPE,(ADMINISTRATION SERVICES)
SWHQBEBBBCT,519,S.W.I.F.T. HEADQUARTERS,LA HULPE,(BROADCAST REQUESTS ONLY)
SWHQBEBBEVE,520,S.W.I.F.T. HEADQUARTERS,LA HULPE,(CORPORATE EVENTS DEPARTMENT)
SWHQBEBBBIL,521,S.W.I.F.T. HEADQUARTERS,LA HULPE,(CUSTOMER BILLING SERVICES)
SWHQBEBBE2E,522,S.W.I.F.T. HEADQUARTERS,LA HULPE,(END-TO-END ORDERING DEPARTMENT)
SWHQBEBBFIN,523,S.W.I.F.T. HEADQUARTERS,LA HULPE,(FINANCE DIVISION)
SWHQBEBBGMT,524,S.W.I.F.T. HEADQUARTERS,LA HULPE,(GENERAL MANAGEMENT)
SWHQBEBBTSD,525,S.W.I.F.T. HEADQUARTERS,LA HULPE,(INTERFACES TECHNICAL SUPPORT DEPARTMENT)
SWHQBEBBMKT,526,S.W.I.F.T. HEADQUARTERS,LA HULPE,(MARKETING)
SWHQBEBBMEM,527,S.W.I.F.T. HEADQUARTERS,LA HULPE,(MEMBERSHIP MANAGEMENT)
SWHQBEBBPRM,528,S.W.I.F.T. HEADQUARTERS,LA HULPE,(PRODUCT MANAGEMENT DIVISION)
SWHQBEBBQED,529,S.W.I.F.T. HEADQUARTERS,LA HULPE,(QUALITY ENGINEERING DEPARTMENT)
SWHQBEBBTTT,530,S.W.I.F.T. HEADQUARTERS,LA HULPE,(S.W.I.F.T. TRANSITION TEAM)
SWHQBEBBSAL,531,S.W.I.F.T. HEADQUARTERS,LA HULPE,(SALES DIVISION - GENERAL)
SWHQBEBBSHR,532,S.W.I.F.T. HEADQUARTERS,LA HULPE,(SHAREHOLDING)
SWHQBEBBSTD,533,S.W.I.F.T. HEADQUARTERS,LA HULPE,(STANDARDS DEPARTMENT)
SWHQBEBBLOG,534,S.W.I.F.T. HEADQUARTERS,LA HULPE,(SWIFT LOGISTICS DEPT)
SWHQBEBBEDU,535,S.W.I.F.T. HEADQUARTERS,LA HULPE,(SWIFT TRAINING DEPARTMENT)
SWHQBEBBSNF,536,S.W.I.F.T. HEADQUARTERS,LA HULPE,(SWIFTNET FIN MIGRATION)
SWHQBEBBTLC,537,S.W.I.F.T. HEADQUARTERS,LA HULPE,(TELECOM. PROJECTS)
AFFEBEB3,538,S.W.I.F.T. HEADQUARTERS,LA HULPE,None
SWHQBEBB,539,S.W.I.F.T. HEADQUARTERS,LA HULPE,None
SWHQBEBB111,540,S.W.I.F.T. HEADQUARTERS,LA HULPE,None
SWHQBEBBODD,541,S.W.I.F.T. HEADQUARTERS,LA HULPE,None
SWHQBEBBREF,542,S.W.I.F.T. HEADQUARTERS,LA HULPE,None
SWLIBEBB,543,S.W.I.F.T. HEADQUARTERS,LA HULPE,None
SWTDBEBB,544,S.W.I.F.T. HEADQUARTERS,LA HULPE,None
BNPABEBS,545,SAGIP S.A. (S.A. DE GESTION, D'INVESTISSEMENT ET DE PARTICIPATION),BRUSSELS,None
SECTBEB14B2,546,SAMSUNG ELECTRONICS BENELUX BELGIUM,VILVOORDE,(SEBN-B)
SECTBEB1,547,SAMSUNG ELECTRONICS BENELUX BELGIUM,VILVOORDE,None
BSCHBEBBRET,548,SANTANDER BENELUX SA,BRUSSELS,(RETAIL ACTIVITY)
BSCHBEBB,549,SANTANDER BENELUX SA,BRUSSELS,None
BSCHBEBBBLX,550,SANTANDER BENELUX SA,BRUSSELS,None
SAXBBEB1,551,SAXO BANK BELGIQUE,BRUSSELS,None
SBMSBEBB,552,SBMS S.A.,BRUSSELS,None
SCCPBEBB,553,SCA CAPITAL NV,DIEGEM,None
SCRTBE21,554,SCHRETLEN AND CO. N.V.,ANTWERPEN,None
SGPBBE99,555,SG PRIVATE BANKING BELGIUM,GENT,None
SGPBBE99TG2,556,SG PRIVATE BANKING BELGIUM,GENT,None
SHIZBEBBTG2,557,SHIZUOKA BANK (EUROPE) S.A.,BRUSSELS,(EUROMARKET)
SHIZBEBB,558,SHIZUOKA BANK (EUROPE) S.A.,BRUSSELS,None
SSDDBEB1,559,SIBEKA, SOCIETE D'ENTREPRISE ET D'INVESTISSEMENTS SA,BRUSSELS,None
SIIIBE41,560,SIRIUS INTERNATIONAL INSURANCE CORP,LIEGE,None
TSFGBEB1,561,SOCIETE FINANCIERE ET DE GESTION TEXAF SA,BRUSSELS,None
SOFFBEB1,562,SOCIETE FINANCIERE ET FONCIERE,BRUSSELS,None
SOFPBEB1,563,SOCIETE FINANCIERE G.P. PHILIPPSON ET CO SA,BRUSSELS,None
SGABBEB2,564,SOCIETE GENERALE (BELGIAN HEAD OFFICE),BRUSSELS,(BELGIAN HEAD OFFICE)
SGABBEB2BRU,565,SOCIETE GENERALE (BELGIAN HEAD OFFICE),BRUSSELS,(BRANCH)
SGABBEB2TRA,566,SOCIETE GENERALE (BELGIAN HEAD OFFICE),BRUSSELS,(SG BRUXELLES TRADE SERVICES)
SGABBEB2TG2,567,SOCIETE GENERALE (BELGIAN HEAD OFFICE),BRUSSELS,None
IPSTBEBB600,568,SOCIETY FOR WORLDWIDE INTERBANK FINANCIAL TELECOMMUNICATION SCRL,BRUSSELS,(IPS)
IPSTBEBB,569,SOCIETY FOR WORLDWIDE INTERBANK FINANCIAL TELECOMMUNICATION SCRL,BRUSSELS,None
IPSVBEBB,570,SOCIETY FOR WORLDWIDE INTERBANKFINANCIAL TELECOMMUNICATION SCRL,LA HULPE,None
SOFIBEB1,571,SOFIHOLDING SA,BRUSSELS,None
SOLVBEBB,572,SOLVAY S.A,BRUSSELS,None
SBINBE2X,573,STATE BANK OF INDIA,ANTWERPEN,None
SBINBE2X668,574,STATE BANK OF INDIA,ANTWERPEN,None
SBOSBEB1,575,STATE STREET BANK EUROPE LTD.,BRUSSELS,None
SFSRBEB1,576,STORA FINACIAL SERVICES (BRUSSELS),BRUSSELS,None
CFFRBEB1,577,SUCCURSALE CREDIT FONCIER DE FRANCE,BRUSSELS,None
SMBCBEBBGEB,578,SUMITOMO MITSUI BANKING CORPORATION,BRUSSELS,(RESTRICTED USE FOR TARGET 2 BRUSSELS ONLY)
SMBCBEBB,579,SUMITOMO MITSUI BANKING CORPORATION,BRUSSELS,None
SWHQBECACIO,580,SWIFT HEADQUARTERS,BRUSSELS,(SECURITY MANAGEMENT CENTRE)
SWHTBEBBAC1,581,SWIFT HEADQUARTERS,BRUSSELS,None
SWHTBEBBAC2,582,SWIFT HEADQUARTERS,BRUSSELS,None
SWHTBEBBAC3,583,SWIFT HEADQUARTERS,BRUSSELS,None
SWHQBECAENC,584,SWIFT HEADQUARTERS,LA HULPE,(ENCRYPTOR ACKNOWLEDGEMENT)
SWHQBECACMC,585,SWIFT HEADQUARTERS,LA HULPE,(S.W.I.F.T. CARD MANAGEMENT CENTER)
SWHQBECACKC,586,SWIFT HEADQUARTERS,LA HULPE,(S.W.I.F.T. KEY CERTIFICATE CENTER)
SWHTBEBB,587,SWIFT HEADQUARTERS,LA HULPE,None
MMMVBEBB,588,TESSENDERLO GROUP N.V. - S.A.,BRUSSELS,None
IRVTBEBBADM,589,THE BANK OF NEW YORK MELLON SA/NV,BRUSSELS,(ALLIANZ DISCRETIONARY MANDATES)
IRVTBEBBBKR,590,THE BANK OF NEW YORK MELLON SA/NV,BRUSSELS,(GLOBAL BROKERAGE)
IRVTBEBBGSS,591,THE BANK OF NEW YORK MELLON SA/NV,BRUSSELS,(GLOBAL SECURITIES SERVICES DEPT.)
IRVTBEBBIMC,592,THE BANK OF NEW YORK MELLON SA/NV,BRUSSELS,(INTERNATIONAL MASTER CUSTODY)
IRVTBEBBTG2,593,THE BANK OF NEW YORK MELLON SA/NV,BRUSSELS,(RESERVE BANK MANAGEMENT)
IRVTBEBB,594,THE BANK OF NEW YORK MELLON SA/NV,BRUSSELS,None
IRVTBEBBB01,595,THE BANK OF NEW YORK MELLON SA/NV,BRUSSELS,None
IRVTBEBBB02,596,THE BANK OF NEW YORK MELLON SA/NV,BRUSSELS,None
IRVTBEBBB03,597,THE BANK OF NEW YORK MELLON SA/NV,BRUSSELS,None
IRVTBEBBB04,598,THE BANK OF NEW YORK MELLON SA/NV,BRUSSELS,None
IRVTBEBBB05,599,THE BANK OF NEW YORK MELLON SA/NV,BRUSSELS,None
IRVTBEBBB06,600,THE BANK OF NEW YORK MELLON SA/NV,BRUSSELS,None
IRVTBEBBB07,601,THE BANK OF NEW YORK MELLON SA/NV,BRUSSELS,None
IRVTBEBBBNY,602,THE BANK OF NEW YORK MELLON SA/NV,BRUSSELS,None
IRVTBEBBBSK,603,THE BANK OF NEW YORK MELLON SA/NV,BRUSSELS,None
IRVTBEBBDCP,604,THE BANK OF NEW YORK MELLON SA/NV,BRUSSELS,None
IRVTBEBBICP,605,THE BANK OF NEW YORK MELLON SA/NV,BRUSSELS,None
IRVTBEBBLUX,606,THE BANK OF NEW YORK MELLON SA/NV,BRUSSELS,None
IRVTBEBBSER,607,THE BANK OF NEW YORK MELLON SA/NV,BRUSSELS,None
BNYMBEBBFND,608,THE BANK OF NEW YORK MELLON, BRUSSELS BRANCH,BRUSSELS,(3RD PARTY FUNDS ORDERS EXECUTION SERVICE)
BNYMBEBBTG2,609,THE BANK OF NEW YORK MELLON, BRUSSELS BRANCH,BRUSSELS,(RESERVE BANK MANAGEMENT)
BNYMBEBB,610,THE BANK OF NEW YORK MELLON, BRUSSELS BRANCH,BRUSSELS,None
THLFBE21,611,THIBAUT LUC EN CO FINANCIERS NW,ANTWERPEN,None
THIEBE21,612,THIEREN EN CO, VEG,ANTWERPEN,None
TRAXBE21,613,TRAX NAAMLOZE VENNOOTSCHAP,MECHELEN,None
TRIOBEBB,614,TRIODOS BANK,BRUSSELS,None
TRIOBEBBTG2,615,TRIODOS BANK,BRUSSELS,None
TUNZBEB1,616,TUNZ.COM,BRUSSELS,None
SUBCBEB1,617,U.B.B., SC,BRUSSELS,None
UMSFBEBB,618,UMICORE FINANCIAL SERVICES,BRUSSELS,None
UBINBE22,619,UNION BANK OF INDIA,ANTWERPEN,None
UBINBE22AWP,620,UNION BANK OF INDIA,ANTWERPEN,None
UTWBBEBB,621,UNITED TAIWAN BANK S.A.,BRUSSELS,None
UTWBBEBBTGT,622,UNITED TAIWAN BANK S.A.,BRUSSELS,None
UPANBE21,623,UPAR,ANTWERPEN,None
VHERBEB1,624,V. HERMANS, SPRL,BRUSSELS,None
BAUWBE21,625,VAN BAUWEL AND CO,ANTWERPEN,None
VAPEBE21,626,VAN DE PUT AND CO PRIVATE BANKERS,ANTWERPEN,None
VAPEBE22,627,VAN DE PUT AND CO PRIVATE BANKERS,ANTWERPEN,None
VGLABE21,628,VAN GLABBEEK EN CO BVBA BEURSVENNOOTSCHAP,ANTWERPEN,None
VGOEBE21,629,VAN GOETHEM EN CO,ANTWERPEN,None
VOBVBE21,630,VAN GOOLEN EN CO BVBA,ANTWERPEN,None
VHRRBEB1,631,VAN HERREWEGHE, SPRL,BRUSSELS,None
VANHBEB1,632,VANHERREWEGHE,BRUSSELS,None
VDSPBE22,633,VDK BANK,GENT,None
VDSPBE91,634,VDK SPAARBANK NV,GENT,None
VCAMBEB1,635,VERCAMMEN EN CO, CGV,LIER,None
VEGRBE21,636,VERHAEGEN, GOOSSENS, DE ROECK EN CO NAAMLOZE VENNOOTSCHAP,ANTWERPEN,None
VFCOBE2B,637,VF EUROPE BVBA,BORNEM,None
VDHDBE41,638,VIATOUR, DE COCK, HERMESSE ET DEBLANC, S.A.,LIEGE,None
VOWABEB1,639,VOLKSWAGEN BANK GMBH,DIEGEM,None
VOFBBEB1,640,VOLKSWAGEN FINANCE BELGIUM,BRUSSELS,None
VWAGBEBB,641,VOLKSWAGEN GROUP SERVICES SA/NV,BRUSSELS,None
WABCBEBB,642,WABCO FINANCIAL SERVICES BVBA,BRUSSELS,None
WALGBE61,643,WAL.AGRI SA,SOMBREFFE,None
WEEKBEB1,644,WEEKERS ET PARTNERS, S.A.,BRUSSELS,None
WBDWBE91,645,WEGHSTEEN EN DRIEGE NV,GENT,None
WEGHBE88,646,WEGHSTEEN N.V.,BRUGGE,None
WIAUBEB1,647,WINTERTHUR ASSURANCES,BRUSSELS,None
ATWSBEBB,648,WORLDLINE SA,BRUSSELS,None
WPPGBEBB,649,WPP GROUP SERVICES SNC,BRUSSELS,None
YWULBEB1,650,WULLAERT EN CO SA,BRUSSELS,None
ZOETBEBB,651,ZOETIS TREASURY CENTER BVBA FINANCIAL DEPARTMENT,ZAVENTEM,None
