swift_code,id,bank,city,branch
MCRUPHM1,1,1ST MACRO BANK, INC. (A RURAL BANK),PATEROS,None
VADVPHM1,2,1ST VALLEY BANK INC., A DEVELOPMENT BANK,CAGAYAN DE ORO CITY,None
SEUUPHM1,3,A AND A SECURITIES, INC.,MANILA,None
CASUPHM1,4,A.T. DE CASTRO SECURITIES CORPORATION,MANILA,None
AASQPHM1,5,AAA SOUTHEAST EQUITIES INC.,MANILA,None
CAVPPHM1,6,AB CAPITAL AND INVESTMENT CORPORATION,MANILA,None
ACICPHM1,7,ABACUS CAPITAL AND INVESTMENT CORPORATION,PASIG CITY,None
ABAEPHM1,8,ABACUS SECURITIES CORPORATION,MANILA,None
ABTZPH21,9,ABOITIZ EQUITY VENTURES INC.,CEBU,None
AGJSPHM1,10,AGJ SECURITIES CORP.,MANILA,None
AGBUPHM1,11,AGRIBUSINESS RURAL BANK, INC.,PASIG CITY,None
PHSAPHM1,12,AIG-PHILAM SAVINGS BANK, INC,MANILA,None
AIIPPHM1,13,AL-AMANAH ISLAMIC INVESTMENT BANK OF THE PHILIPPINES,MAKATI CITY,None
AASSPHM1,14,ALL ASIA SECURITIES MANAGEMENT CORP.,CEBU,None
AASSPHM10MM,15,ALL ASIA SECURITIES MANAGEMENT CORP.,MANILA,None
ALSGPHM1,16,ALLIED SAVINGS BANK,MAKATI CITY,None
ALPCPHM1,17,ALPHA SECURITIES CORP.,MANILA,None
AMECPHM1,18,AMETHYST SECURITIES CORP.,MANILA,None
AMONPHM1,19,AMON SECURITIES CORP.,MANILA,None
ANGPPHM1,20,ANGPING AND ASSOCIATES,MANILA,None
ANSGPHM1,21,ANSALDO, GODINEZ AND COMPANY, INC.,MANILA,None
ANSCPHM1,22,ANSCOR-HAGEDORN SECURITIES INC.,MANILA,None
ARMEPHM1,23,ARMSTRONG SECURITIES INC.,MANILA,None
ASISPHM1,24,ASI SECURITIES INC.,MANILA,None
APCEPHM1,25,ASIA PACIFIC CAPITAL EQUITIES AND SEC. CORP.,QUEZON CITY,None
AUBKPHMM,26,ASIA UNITED BANK CORPORATION,PASIG CITY,None
ASDBPHMM,27,ASIAN DEVELOPMENT BANK,MANILA,None
AOMSPHM1,28,ASIAN OCEANIC MERIT SECURITIES INC.,MANILA,None
ASESPHM1,29,ASIASEC EQUITIES INC.,MANILA,None
ATDBPHM10M5,30,ASIATRUST BANK,ANTIPOLO,(MASINAG BRANCH)
ATDBPHM10M2,31,ASIATRUST BANK,ANTIPOLO,None
ATDBPHM10M3,32,ASIATRUST BANK,BACOOR,None
ATDBPHM10M4,33,ASIATRUST BANK,CALOOCAN CITY,None
ATDBPHM10MM,34,ASIATRUST BANK,MANILA,(PASONG TAMO BRANCH)
ATDBPHM10MB,35,ASIATRUST BANK,MANILA,(SALCEDO BRANCH)
ATDBPHM10M7,36,ASIATRUST BANK,PASAY CITY,None
ATDBPHM10M8,37,ASIATRUST BANK,QUEZON CITY,(DEL MONTE BRANCH)
ATDBPHM10M6,38,ASIATRUST BANK,QUEZON CITY,(NEW MANILA BRANCH)
ATDBPHM10MA,39,ASIATRUST BANK,QUEZON CITY,(ROOSEVELT BRANCH)
ATDBPHM1,40,ASIATRUST BANK,QUEZON CITY,None
ATDBPHM10MC,41,ASIATRUST BANK,SAN JUAN,None
ATDBPHM10MD,42,ASIATRUST BANK,SANTIAGO,None
ATDBPHM10ME,43,ASIATRUST BANK,TONDO,(TUTUBAN CENTERMALL BRANCH)
ATDBPHM10MF,44,ASIATRUST BANK,VALENZUELA,None
ASDVPHM1,45,ASIATRUST DEVELOPMENT BANK,QUEZON CITY,None
ASTSPHM1,46,ASTRA SECURITIES CORP.,MANILA,None
ATCSPHM1,47,ATC SECURITIES INC.,MANILA,None
ATSCPHM1,48,ATR-KIM ENG SECURITIES, INC,MANILA,None
AURSPHM1,49,AURORA SECURITIES, INC.,MANILA,None
ANZBPHMX,50,AUSTRALIA AND NEW ZEALAND BANKING GROUP LIMITED,MAKATI CITY,None
AYALPH22,51,AYALA LAND, INC.,MAKATI CITY,None
BHCHPHM1,52,B. H. CHUA SECURITIES CORPORATION,MANILA,None
BATTPHM1,53,BA SECURITIES INC.,MANILA,None
BRULPHM1,54,BALANGA RURAL BANK, INC.,BALANGA,None
BKRUPHM1,55,BANCO BAKUN, INC. (A RURAL BANK),ITOGON,None
ORSIPHM1,56,BANCO DE ORO SAVINGS BANK, INC.,MAKATI CITY,None
FIAOPHM1,57,BANCO FILIPINO SAVINGS AND MORTGAGE BANK,MANILA,None
SAVRPHM1,58,BANCO SAN VICENTE, INC. (A RURAL BANK),SAN VICENTE,None
BADGPHM1,59,BANCODIPOLOG, INC.,DIPOLOG CITY,None
KARUPHM1,60,BANGKO KABAYAN (A RURAL BANK) INC.,BATANGAS,None
MRTCPHM1,61,BANGKO MABUHAY (RURAL BANK OF TANZA (CAVITE), INC.,TANZA,None
NSPRPHM1,62,BANGKO NUESTRA SENORA DEL PILAR INC. (A RURAL BANK),SAN SIMON,None
RUPIPHM1,63,BANGKO RURAL NG PASACAO (CS), INCORPORATED,PASACAO, CAMARINES SUR,None
PHCBPHMC,64,BANGKO SENTRAL NG PILIPINAS,MANILA,None
PHCBPHMM,65,BANGKO SENTRAL NG PILIPINAS,MANILA,None
BKKBPHMM,66,BANGKOK BANK PUBLIC COMPANY LIMITED, MANILA BRANCH,MANILA,None
DANIPHM1,67,BANK DAGANG NASIONAL INDONESIA,MANILA,None
BADAPHM1,68,BANK DHARMALA,MANDALUYONG,None
BOFAPH2X,69,BANK OF AMERICA, N.A. MANILA,MANILA,None
BKCHPHMM,70,BANK OF CHINA, MANILA BRANCH,MANILA,None
PABIPHMM,71,BANK OF COMMERCE,MANDALUYONG CITY,None
FLRUPHM1,72,BANK OF FLORIDA, INC. (A RURAL BANK),SAN FERNANDO,None
LURUPHM1,73,BANK OF LUBAO (A RURAL BANK) INC.,LUBAO,None
MKRUPHM1,74,BANK OF MAKATI (A SAVINGS BANK), INC.,MAKATI CITY,None
BOPIPHMMTRY,75,BANK OF THE PHILIPPINE ISLANDS,MANILA,(TREASURY GROUP)
BOPIPHMM,76,BANK OF THE PHILIPPINE ISLANDS,MANILA,None
BOTKPHMM,77,BANK OF TOKYO-MITSUBISHI UFJ, LTD., THE,MANILA,(MANILA BRANCH)
ONSTPHM1,78,BANK ONE SAVINGS AND TRUST CORPORATION,MANILA,None
BROXPHM1,79,BARCELON ROXAS SECURITIES INC.,MANILA,None
BDESPHM1,80,BDO ELITE SAVINGS BANK, INC.,TAGUIG CITY,None
BNSCPHM1,81,BDO NOMURA SECURITIES, INC.,MAKATI,None
BOPBPHMM,82,BDO PRIVATE BANK INC.,MANILA,None
BDSCPHM1,83,BDO SECURITIES CORPORATION,MAKATI CITY,None
BNORPHMM,84,BDO UNIBANK, INC.,MANILA,None
BELCPHM1,85,BELSON SECURITIES, INC.,MANILA,None
BENJPHM1,86,BENJAMIN CO CA AND CO INC.,MANILA,None
BEREPHM1,87,BERNAD SECURITIES INC.,MANILA,None
BFSCPHM1,88,BFE FINANCIAL SVCS. AND CONSULTANCY, INC.,MANILA,None
BPPSPHM1,89,BNP PARIBAS PEREGRINE SECURITIES, INC,MANILA,None
BNPAPHMM,90,BNP PARIBAS, MANILA OFFSHORE BRANCH,MANILA,None
BORRPHM1,91,BOF, INC. (A RURAL BANK),SAN FERNANDO,None
BPAPPHM1,92,BPI CAPITAL CORP.,MANILA,None
BPCNPHM1,93,BPI CARD FINANCE,MANILA,None
BPDIPHM1,94,BPI DIRECT,MANILA,None
BPFFPHM1,95,BPI FAMILY BANK,MANILA,None
BPFSPHM1,96,BPI FAMILY SAVINGS BANK,MAKATI,None
BPGOPHM1,97,BPI GLOBE BANKO INC.,MAKATI CITY,None
BPLIPHM1,98,BPI LEASING CORPORATION,MANILA,None
BPISPHM1,99,BPI SECURITIES CORP.,MANILA,None
BATSPHM1,100,BRITISH AMERICAN TOBACCO PHILIPPINES LTD.,MUNTINLUPA,None
BBOAPHM1,101,BSP BRANCH OPEN ACCOUNT SPC,QUEZON CITY,None
BPFCPHM1,102,BSP-PFO AMD-PFO HOUSING PROGRAM,MANILA,None
BCPFPHM1,103,BSP-PFO CAR PLAN FUND,MANILA,None
BHFUPHM1,104,BSP-PFO HOUSING FUND,MANILA,None
BLTFPHM1,105,BSP-PFO LONGEVITY TRUST FUND,MANILA,None
BPRFPHM1,106,BSP-PFO PROVIDENT FUND,MANILA,None
BRKPPHM1,107,BT BROKERAGE (PHILS), INC,MANILA,None
BUTRPHM1,108,BUREAU OF THE TREASURY,MANILA,None
BWWAPHM1,109,BZW (ASIA) LTD,MANILA,None
CALAPHM1,110,CAMPOS, LANUZA AND CO. INC.,MANILA,None
CALAPHM10M2,111,CAMPOS, LANUZA AND CO. INC.,MANILA,None
CNRLPHM1,112,CANTILAN BANK, INC. (A RURAL BANK),CANTILAN,None
CBMFPHM1,113,CARD BANK, INC. (A MICROFINANCE ORIENTED RURAL BANK),SAN PABLO CITY,None
CRMHPHM1,114,CARD SME BANK, INC. A THRIFT BANK,SANTO TOMAS,None
CATSPHM1,115,CATHAY SECURITIES, INC.,MANILA,None
UWCBPHMM,116,CATHAY UNITED BANK CO., LTD. MANILA BRANCH,MAKATA CITY,None
CELRPHM1,117,CEBUANA LHUILLIER RURAL BANK INC.,BACOOR,None
CESNPHM1,118,CENTURY SAVINGS BANK CORPORATION,PASIG CITY,None
CENEPHM1,119,CENTURY SECURITIES CORP.,MANILA,None
CHSVPHM1,120,CHINA BANK SAVINGS, INC.,MAKATI CITY,None
CHBKPHMM,121,CHINA BANKING CORPORATION,MANILA,None
CITIPH21,122,CITIBANK SAVINGS INC.,QUEZON CITY,None
CIVPPHM1,123,CITIBANK SECURITIES INC.,MANILA,None
CITIPHMXCBU,124,CITIBANK,N.A., MANILA BRANCH,CEBU,None
CITIPHMX,125,CITIBANK,N.A., MANILA BRANCH,MAKATI,(HEAD OFFICE)
CITIPHMXTSU,126,CITIBANK,N.A., MANILA BRANCH,MANILA,(IBG-TREASURY SERVICES UNIT)
CITSPHM1,127,CITISECURITIES INC.,MANILA,None
CIVAPHM1,128,CITY SAVINGS BANK,CEBU CITY,None
CIVVPHM1,129,CITYSTATE SAVINGS BANK, INC.,PASIG CITY,None
CITRPHM1,130,CITYTRUST SECURITIES CORP.,MANILA,None
CLRAPH21,131,CLASSIC RURAL BANK, INC.,BATANGAS,None
CFGOPHM1,132,COL FINANCIAL GROUP, INC.,PASIG CITY,None
COBMPHM1,133,COMMERCIAL BANK OF MANILA,MANILA,None
CBSLPHM1,134,COMMONWEALTH BANK/SAVINGS AND LOAN,MANILA,None
COSCPHM1,135,CONNELL SECURITIES INC.,MANILA,None
CPCTPHM1,136,COOPERATIVE BANK OF COTABATO,KIDAPAWAN,None
CUATPHM1,137,COOPERATIVE RURAL BANK OF MISAMIS ORIENTAL, INC.,CAGAYAN DE ORO CITY,None
CORCPHM1,138,CORINTHIAN SECURITIES, INC.,MANILA,None
COUKPHM1,139,COUNTRY BUILDERS BANK INC. (A RURAL BANK),TAGUIG CITY,None
COYIPHM1,140,COYIUTO SECURITIES INC.,MANILA,None
CLSAPHM1,141,CREDIT LYONNAIS SECURITIES PHILIPPINES INC,MANILA,None
CMANPHM1,142,CREDIT MANILA, INC.,MANILA,None
CRESPHM1,143,CREDIT SUISSE SECURITIES (PHILIPPINES) INC.,MAKATI,None
CRSEPHM1,144,CROSBY SECURITIES (PHILS) INC.,MANILA,None
CTCBPHMM,145,CTBC BANK (PHILIPPINES) CORP.,TAGUIG CITY,None
CUASPHM1,146,CUALOPING SECURITIES CORP,MANILA,None
DHBIPHM1,147,DAO HENG BANK INC.,MANILA,None
ASIIPHM1,148,D'ASIAN HILLS BANK INC.,MALAYBALAY CITY,None
DAVSPHM1,149,DAVID GO SECURITIES CORP,MANILA,None
DBSHPHM1,150,DBP-DAIWA CAPITAL MARKETS PHILIPPINES, INC.,MANILA,None
DSPHPHM1,151,DBP-DAIWA SECURITIES (PHILS.), INC.,MANILA,None
DBSPPHM1,152,DBS SECURITIES (PHILS) INC,MANILA,None
DEUTPHMM,153,DEUTSCHE BANK AG,MANILA,None
DEUTPHMMGMO,154,DEUTSCHE BANK AG,MANILA,None
TWENPHM1,155,DEUTSCHE REGIS PARTNERS INC.,MANILA,None
DBPHPHMM,156,DEVELOPMENT BANK OF THE PHILIPPINES,MANILA,None
DHSPPHM1,157,DHARMALA SECURITIES (PHILS) INC,MANILA,None
DIVSPHM1,158,DIVERSIFIED SECURITIES INC,MANILA,None
DCDEPHM1,159,DUMAGUETE CITY DEVELOPMENT BANK,INC,DUMAGUETE,None
DUMTPHM1,160,DUNGGANON BANK (A MICROFINANCE THRIFT BANK), INC.,BACOLOD CITY,None
CHCSPHM1,161,E. CHUA CHIACO SECURITIES INC.,MANILA,None
ECRHPHM1,162,EAST COAST RURAL BANK OF HAGONOY, INC.,HAGONOY,None
EWBCPHMM,163,EAST WEST BANKING CORPORATION,MANILA,None
EAWCPHM1,164,EAST WEST CAPITAL CORP,MANILA,None
EASDPHM1,165,EASTERN SECURITIES DEVELOPMENT CORPORATION,MANILA,None
EISEPHM1,166,EIB SECURITIES, INC.,MANILA,None
ENTHPHM1,167,ENTERPRISE BANK INC. (A THRIFT BANK),SURIGAO DEL SUR,None
ENRUPHM1,168,ENTREPRENEUR RURAL BANK, INC.,SAN PEDRO,None
EQSNPHM1,169,EQUICOM SAVINGS BANK, INC.,MAKATI CITY,None
EQSPPHM1,170,EQUITABLE SECURITIES (PHILS.) INC.,MANILA,None
EQUSPHM1,171,EQUITIWORLD SECURITIES INC.,MANILA,None
ESBEPHM1,172,EVERGREEN STOCK BROKERAGE AND SECURITIES, INC.,MANILA,None
YAPSPHM1,173,F. YAP SECURITIES INC,MANILA,None
FEBTPHM1,174,FAR EAST BANK AND TRUST CO, FOREIGN CURRENCY DEPOSIT UNIT (FCDU),MANILA,None
FRUNPHM1,175,FILIDIAN RURAL BANK OF ANTIPOLO,INC,ANTIPOLO,None
FINUPHM1,176,FINVEST SECURITIES CO INC,MANILA,None
FRARPHM1,177,FIRST AGRO-INDUSTRIAL RURAL BANK, INC. (FAIRBANK),BOGO CITY,None
FCBKPHMM,178,FIRST COMMERCIAL BANK, LTD., MANILA BRANCH,MAKATI CITY,None
FIOOPHM1,179,FIRST CONSOLIDATED BANK INC.,TAGBILARAN,None
FICEPHM1,180,FIRST INTEGRATED CAPITAL SECURITIES, INC.,MANILA,None
FMICPHM1,181,FIRST METRO INVESTMENT CORPORATION,MANILA,None
FMSOPHM1,182,FIRST METRO SECURITIES BROKERAGE CORPORATION,MAKATI,None
FRMRPHM1,183,FIRST MIDLAND RURAL BANK, INC.,ILOILO,None
FIOSPHM1,184,FIRST ORIENT SECURITIES INC,MANILA,None
FPBCPHM1,185,FIRST PACIFIC BANCORP, LLC,VALENZUELA,None
FIPSPHM1,186,FIRST PENINSULA SECURITIES CORP,MANILA,None
FIRRPHM1,187,FIRST RESSOURCES MANAGEMENT AND SECURITIES CORPORATION,THE,MANILA,None
FOTRPHM1,188,FORTUNE SECURITIES INC.,MANILA,None
FPASPHM1,189,FPB ASIA LIMITED,MANILA,None
FROEPHM1,190,FRANCISCO ORTIGAS SECURITIES INC,MANILA,None
SERTPHM1,191,G AND L SECURITIES CO., INC.,MANILA,None
TANNPHM1,192,G.D. TAN AND CO INC,MANILA,None
GKGSPHM1,193,G.K. GOH SECURITIES (PHILIPPINES) INC.,MANILA,None
GARKPHM1,194,GATEWAY RURAL BANK, INC. (GATEBANK),BULACAN,None
GEMPPH21,195,GE MONEY BANK, INC. (A SAVINGS BANK),QUEZON CITY,None
GEGSPHM1,196,GENESIS GLOBAL SECURITIES, INC.,MANILA,None
PCBAPHM10MC,197,GLOBAL BUSINESS HOLDINGS INC.,CEBU,(CEBU BRANCH)
PCBAPHM10MD,198,GLOBAL BUSINESS HOLDINGS INC.,DAVAO,(DAVAO BRANCH)
PCBAPHM10MB,199,GLOBAL BUSINESS HOLDINGS INC.,MANILA,(DASMARINAS BRANCH)
PCBAPHM10MP,200,GLOBAL BUSINESS HOLDINGS INC.,MANILA,(PORT AREA BRANCH)
PCBAPHM1,201,GLOBAL BUSINESS HOLDINGS INC.,MANILA,None
PCBAPHM10MQ,202,GLOBAL BUSINESS HOLDINGS INC.,QUEZON CITY,(CUBAO BRANCH)
PCBAPHM10MS,203,GLOBAL BUSINESS HOLDINGS INC.,SAN JUAN,(ORTIGAS BRANCH)
GLSTPHM1,204,GLOBALINKS SECURITIES AND STOCKS, INC,MANILA,None
GLTEPHMT,205,GLOBE TELECOM, INC.,TAGUIG,None
GOLCPHM1,206,GOLDSTAR SECURITIES INC,MANILA,None
GSFAPHM1,207,GSIS FAMILY BANK,PASIG CITY,None
GRBUPHM1,208,GUAGUA RURAL BANK, INC.,GUAGUA,None
GUISPHM1,209,GUILD SECURITIES INC,MANILA,None
GUSPPHM1,210,GUOCO SECURITIES (PHILS) INC,MANILA,None
BENCPHM1,211,H.E. BENNETT SECURITIES INC.,MANILA,None
HTSPPHM1,212,HANG TSUN SECURITIES (PHILS),MANILA,None
HDISPHM1,213,HDI SECURITIES INC,MANILA,None
HISHPHM1,214,HIGHLAND SECURITIES PHILS. INC.,MANILA,None
HIYCPHM1,215,HIYAS BANKING CORPORATION,STA. MARIA,None
SEREPHM1,216,HK SECURITIES, INC.,MANILA,None
HSBTPHM1,217,HOME SAVINGS BANK AND TRUST CO.,MANILA,None
HBPHPHMM,218,HSBC SAVINGS BANK (PHILIPINES) INC.,MUNTINLUPA,None
HNBKPHMM,219,HUA NAN COMMERCIAL BANK, LTD. MANILA BRANCH,MAKATI CITY,None
ACKEPHM1,220,I. ACKERMAN AND CO INC,MANILA,None
GIMSPHM1,221,I.B. GIMENEZ SECURITIES, INC.,MANILA,None
IGCSPHM1,222,IGC SECURITIES, INC.,MANILA,None
IMGAPHM1,223,IMPERIAL DE GUZMAN, ABALOS AND CO INC.,MANILA,None
WICAPHM1,224,INDOSUEZ W.I. CARR SECURITIES (PHILIPPINES) INC.,MANILA,None
IBKOPHMM,225,INDUSTRIAL BANK OF KOREA, MANILA BRANCH,MANILA,None
INGBPHMM,226,ING BANK N.V.,MANILA,None
ILSTPHM1,227,INSULAR LIFE SAVINGS AND TRUST CO.,MANILA,None
ISVBPHM1,228,INSULAR SAVERS BANK, INC. (A RURAL BANK),TAGUIG CITY,None
INIEPHM1,229,INTRA-INVEST SECURITIES INC,MANILA,None
INVUPHM1,230,INVESTORS SECURITIES INC,MANILA,None
ISTHPHM1,231,ISLA BANK (A THRIFT BANK), INC.,MANILA,None
BARNPHM1,232,J.M. BARCELON AND CO INC,MANILA,None
CHASPHS1,233,J.P. MORGAN SECURITIES PHILIPPINES INC.,MANILA,None
JARUPHM1,234,JANIUAY RURAL BANK, INC.,ILOILO CITY,None
JFLEPHM1,235,JARDINE FLEMING,MANILA,None
JEWSPHM1,236,JENN WOEI SECURITIES, INC,MANILA,None
CHASPHMMOBU,237,JPMORGAN CHASE BANK, N.A., MANILA BRANCH,MANILA,(OFFHORE BANKING UNIT)
CHASPHMMENQ,238,JPMORGAN CHASE BANK, N.A., MANILA BRANCH,MANILA,(TELEX AND S.W.I.F.T. MESSAGE ENQUIRIES)
CHASPHMMKEY,239,JPMORGAN CHASE BANK, N.A., MANILA BRANCH,MANILA,(TEST KEY AND BKE ADMINISTRATION)
CHASPHMM,240,JPMORGAN CHASE BANK, N.A., MANILA BRANCH,MANILA,None
KRBFPHM1,241,KATIPUNAN BANK (ZN), INC. A RURAL BANK,DIPOLOG CITY,None
KOEXPHMM,242,KEB HANA BANK,MAKATI CITY,None
KEPHPHM1,243,KEPPEL BANK PHILIPPINES, INC.,MANILA,None
KESPPHM1,244,KEPPEL SECURITIES PHILIPPINES INC,MANILA,None
KERSPHM1,245,KERRY SECURITIES (PHILS), INC.,MANILA,None
KEYSPHM1,246,KEY SECURITIES INC,MANILA,None
KMESPHM1,247,KIM ENG SECURITIES PHILIPPINES INC.,MANILA,None
GARSPHM1,248,L.M. GARCIA AND ASSOCIATES, INC.,MANILA,None
TLBPPHM10MC,249,LAND BANK OF THE PHILIPPINES,CEBU,None
TLBPPHM10M2,250,LAND BANK OF THE PHILIPPINES,DAVAO,None
TLBPPHM10M4,251,LAND BANK OF THE PHILIPPINES,GENERAL SANTOS,None
TLBPPHM10M3,252,LAND BANK OF THE PHILIPPINES,ILOILO,None
TLBPPHMM,253,LAND BANK OF THE PHILIPPINES,MANILA,None
TLBPPHM10MQ,254,LAND BANK OF THE PHILIPPINES,QUEZON CITY,None
LARCPHM1,255,LARRGO SECURITIES CO INC,MANILA,None
LESIPHM1,256,LEGAZPI SAVINGS BANK,LEGAZPI,None
LIRRPHM1,257,LIMCOMA RURAL BANK INC.,BATANGAS,None
LIRUPHM1,258,LIPA BANK INC. -A RURAL BANK,LIPA CITY,None
LITSPHM1,259,LITONJUA SECURITIES INC,MANILA,None
LOLLPHM1,260,LOPEZ, LOCSIN, LEDESMA AND CO INC,MANILA,None
LUCSPHM1,261,LUCKY SECURITIES INC,MANILA,None
LUYSPHM1,262,LUY'S SECURITIES CO INC,MANILA,None
LUDVPHM1,263,LUZON DEVELOPMENT BANK,MANILA,None
BONOPHM1,264,M.D. BONDOC AND CO INC,MANILA,None
INBLPHM1,265,MACQUARIE CAPITAL SECURITIES (PHILIPPINES) INC.,MANILA,None
MAARPHM1,266,MALAYAN BANK SAVINGS AND MORTGAGE BANK,MANILA,None
MANUPHM1,267,MANDARIN SECURITIES CORP,MANILA,None
MABCPHM1,268,MANILA BANKING CORP.,MANILA,None
MRALPHMM,269,MANILA ELECTRIC COMPANY,PASIG CITY,None
MAIEPHM1,270,MARIAN SECURITIES INC,MANILA,None
MAKCPHM1,271,MARK SECURITIES CORP,MANILA,None
MACCPHM1,272,MARKET CAPITAL AND SECURITIES INC,MANILA,None
MBBEPHMM,273,MAYBANK PHILIPPINES, INC,MANILA,None
MDRSPHM1,274,MDR SECURITIES, INC,MANILA,None
ICBCPHMM,275,MEGA INTERNATIONAL COMMERCIAL BANK CO., LTD., MANILA BRANCH,MANILA,None
MERUPHM1,276,MERCANTILE SECURITIES CORP,MANILA,None
MSLSPHM1,277,MERCHANTS SAVINGS AND LOAN ASSOCIATION, INC.,MAKATI CITY,None
MERTPHM1,278,MERIDIAN SECURITIES INC,MANILA,None
MLSPPHM1,279,MERRILL LYNCH SECURITIES PHILIPPINES INC.,MANILA,None
MCCEPHM1,280,METROBANK CARD CORPORATION (A FINANCE CO.),MAKATI CITY,None
MBTCPHMM,281,METROPOLITAN BANK AND TRUST CO.,MANILA,None
MIMVPHM1,282,MICROFINANCE MAXIMUM SAVINGS BANK,INC.,PUERTO GALERA,None
MHCBPHMM,283,MIZUHO BANK, LTD., MANILA BRANCH,MAKATI,None
MGPSPHM1,284,MORGAN GRENFELL PHILS SEC. INC.,MANILA,None
MOPSPHM1,285,MOUNT PEAK SECURITIES INC,MANILA,None
MUIAPHM1,286,MULTINATIONAL INVESTMENT BANCORPORATION,MANILA,None
MURLPHM1,287,MUNICIPAL RURAL BANK OF LIBMANAN (CS), INC.,CAMARINES SUR,None
NESNPHMN,288,NESTLE BUSINESS SERVICES AOA INC,MANILA,None
NEWCPHM1,289,NEW WORLD SECURITIES INC,MANILA,None
NIESPHM1,290,NIEVES SANCHEZ INC.,MANILA,None
NODVPHM1,291,NORTHPOINT DEVELOPMENT BANK, INC.,SAN PEDRO,None
OSPNPHM1,292,OCBC SECURITIES (PHILIPPINES) INC.,MANILA,None
ONNRPHM1,293,ONE NETWORK BANK, INC. (A RURAL BANK),DAVAO CITY,None
OPDVPHM1,294,OPTIMUM DEVELOPEMENT BANK. INC,MANDALUYONG CITY,None
OPTMPHM1,295,OPTIMUM SECURITIES CORP.,MANILA,None
ORIEPHM1,296,ORIENTRADE SECURITIES INC.,MANILA,None
OMLFPHM1,297,ORIX METRO LEASING AND FINANCE CORPORATION,MAKATI CITY,None
ORMQPHM1,298,ORMON BANK RB OF MULANAY QUEZON INC.,BAY,None
OUBKPHM1,299,OVERSEAS UNION BANK LIMITED, MANILA BRANCH,MANILA,None
PASVPHM1,300,PACIFIC ACE SAVINGS BANK,OLONGAPO,None
PATPPHM1,301,PACIFIC ASIAN ATLANTIC CAPITAL INC.,MAKATI CITY,None
PACAPHM1,302,PACIFIC BASIN SEC. CO. INC.,MANILA,None
PANIPHM1,303,PAN ASIA SECURITIES CORPORATION,MANILA,None
PAPSPHM1,304,PAPA SECURITIES CORP.,MANILA,None
PRTOPHM1,305,PARTNER RURAL BANK (COTABATO), INC.,PIGCAWAYAN,None
PSBOPHM1,306,PCCI SECURITIES BROKERS CORPORATION,MAKATI CITY,None
PRBPPH21,307,PDCP DEVELOPMENT BANK,CEBU,None
PRBPPHM1,308,PDCP DEVELOPMENT BANK,MANILA,None
PEPDPHM1,309,PENBANK A PRIVATE DEVELOPMENT BANK,GENERAL SANTOS,None
PESPPHM1,310,PEREGRINE SECURITIES PHILS INC.,MANILA,None
CPHIPHMM,311,PHILIPPINE BANK OF COMMUNICATIONS,MANILA,None
PPBUPHMM,312,PHILIPPINE BUSINESS BANK,CALOOCAN CITY,None
PCHCPHM1,313,PHILIPPINE CLEARING HOUSE CORPORATION,MANILA,None
PHCCPHM1,314,PHILIPPINE COMMERCIAL CAPITAL, INC.,MAKATI CITY,None
PDTUPHM1,315,PHILIPPINE DEPOSITORY AND TRUST CORP. (CUSTODY),MAKATI CITY,None
PDTDPHM1,316,PHILIPPINE DEPOSITORY AND TRUST CORP. (DEPOSITORY),MAKATI CITY,None
PDTCPHM1,317,PHILIPPINE DEPOSITORY AND TRUST CORPORATION,MAKATI CITY,None
PHCDPHM1,318,PHILIPPINE DEPOSITORY TRUST CORP,MANILA,None
PEQPPHM1,319,PHILIPPINE EQUITY PARTNERS INC.,MANILA,None
PNBMPHMMTOD,320,PHILIPPINE NATIONAL BANK,MANILA,(TREASURY OPERATIONS DIVISION)
PNBMPHMM,321,PHILIPPINE NATIONAL BANK,MANILA,None
PPOSPHM1,322,PHILIPPINE POSTAL CORPORATION,MANILA,None
PHSVPHM1,323,PHILIPPINE POSTAL SAVINGS BANK, INC,MANILA,None
PRVRPHM1,324,PHILIPPINE RESOURCES SAVINGS BANK CORPORATION,PASIG CITY,None
PHSBPHMM,325,PHILIPPINE SAVINGS BANK,MANILA,None
XPHSPHM1,326,PHILIPPINE STOCK EXCHANGE, INC.,PASIG CITY,None
PHVBPHMM,327,PHILIPPINE VETERANS BANK,MANILA,None
PAESPHM1,328,PHILIPPINES ASIA EQUITY SEC. INC.,MANILA,None
PHTBPHMM,329,PHILTRUST BANK (PHILIPPINE TRUST COMPANY),MANILA,None
PIEIPHM1,330,PIERCE INTERLINK SEC. INC.,MANILA,None
PRNPPHM1,331,PLANBANK RURAL BANK OF CANLUBANG PLANTERS, INC.,CALAMBA,None
PLDEPHM1,332,PLANTERS DEVELOPMENT BANK,MANILA,None
PLAIPHM1,333,PLATINUM SECURITIES INC.,MANILA,None
RPBAPHM1,334,PNB REPUBLIC BANK,MANILA,None
PNBBPHM1,335,PNB SECURITIES INC.,MANILA,None
PRDEPHM1,336,PREMIERE DEVELOPMENT BANK,MANILA,None
PREMPHM1,337,PREMIUM SECURITIES CORP.,MANILA,None
PROTPHM1,338,PROBITY SECURITIES MANAGEMENT CORP.,MANILA,None
PSCOPHM1,339,PRODUCERS SAVINGS BANK CORPORATION ONE SAN MIGUEL AVENUE,PASIG CITY,None
QUISPHM1,340,QUALITY INVESTMENT AND SECURITIES CORP.,MANILA,None
QCDFPHM1,341,QUEEN CITY DEVELOPMENT BANK,ILOILO,None
QCRIPHM1,342,QUEZON CAPITAL RURAL BANK, INCORPORATED,LUCENA CITY,None
RLINPHM1,343,R AND L INVESTMENTS, INC,MANILA,None
NUBLPHM1,344,R. NUBLA SECURITIES INC.,MANILA,None
LIMSPHM1,345,R.S. LIM AND CO. INC.,MANILA,None
RARLPHM1,346,RANG-AY BANK (A RURAL BANK), INC.,SAN FERNANDO,None
RAHSPHM1,347,RASHIND HUSSAIN SECURITIES (PHILIPPINES) INC,MANILA,None
HGASPHM1,348,RBS ASIA SECURITIES, INC.,MANILA,None
RCCOPHM1,349,RCBC CAPITAL CORPORATION,MANILA,None
RCSAPHM1,350,RCBC SAVINGS BANK, INC.,MAKATI CITY,None
REGIPHM1,351,REGINA CAPITAL DEVELOPMENT CORP.,MANILA,None
RFCAPHM1,352,RFM CAPITAL LIMITED,MANILA,None
RCBCPH21,353,RIZAL COMMERCIAL BANKING CORPORATION,MANILA,(FOREIGN CURRENCY DEPOSIT UNIT - FCDU)
RCBCPHMM,354,RIZAL COMMERCIAL BANKING CORPORATION,MANILA,None
ROBPPHMQ,355,ROBINSONS BANK CORPORATION,QUEZON CITY,None
RTGCPHM1,356,RTG AND CO. INC.,MANILA,None
RUCAPHM1,357,RURAL BANK OF CAMALIG (ALBAY) INC.,LEGAZPI,None
RBCYPHM1,358,RURAL BANK OF CAUAYAN INC.,CAUAYAN,None
RUDIPHM1,359,RURAL BANK OF DIGOS, INC,DIGOS CITY,None
RUGUPHM1,360,RURAL BANK OF GUINOBATAN, INC.,GUINOBATAN,None
RUJAPHM1,361,RURAL BANK OF JAEN, INC.,JAEN,None
RUKSPHM1,362,RURAL BANK OF KIAMBA (SARANGANI) INC.,KIAMBA,None
RLSKPHM1,363,RURAL BANK OF LEBAK (SULTAN KUDARAT) INC.,LEBAK,None
LILOPHM1,364,RURAL BANK OF LILOY (ZN), INC,DIPOLOG CITY,None
RUMAPHM1,365,RURAL BANK OF MABALACAT, INC.,MABALACAT,None
RUMNPHM1,366,RURAL BANK OF MANGALDAN, INC.,MANGALDAN,None
RUMIPHM1,367,RURAL BANK OF MIAGAO (ILOILO), INC.,MIAGAO,None
RUMDPHM1,368,RURAL BANK OF MIDSAYAP, INC.,MIDSAYAP,None
RNWAPHM1,369,RURAL BANK OF NEW WASHINGTON (AKLAN) INC.,NEW WASHINGTON,None
RUODPHM1,370,RURAL BANK OF ODIONGAN INC,BATANGAS,None
RUPAPHM1,371,RURAL BANK OF PAGBILAO INC.,PAGBILAO,None
RPMOPHM1,372,RURAL BANK OF PANA-ON (MIS. OCC.) INC.,JIMENEZ,None
RPBUPHM1,373,RURAL BANK OF PANDI (BULACAN), INC.,PANDI,None
RSJCPHM1,374,RURAL BANK OF SAN JOSE (CAMARINES SUR), INC.,CAMARINES SUR,None
RSLSPHM1,375,RURAL BANK OF SAN LUIS (BATANGAS),,SAN LUIS,None
RUSGPHM1,376,RURAL BANK OF STA. IGNACIA, INC.,SANTA IGNACIA,None
RUTCPHM1,377,RURAL BANK OF TANGUB CITY INC.,TANGUB,None
RUTNPHM1,378,RURAL BANK OF TANJAY, INC.,TANJAY CITY,None
SJROPHM1,379,S.J. ROXAS AND COMPANY, INC.,MANILA,None
PUBLPHM1,380,SALISBURY BKT SECURITIES CORPORATION (FORMERLY: PUBLIC SECURITIES CORPORATION),MAKATI,None
SECTPHM15B1,381,SAMSUNG ELECTRONICS PHILIPPINES CORP.,CALAMBA,(SEPHIL)
SECTPHM15B0,382,SAMSUNG ELECTRONICS PHILIPPINES CORP.,TAGUIG,(SEPCO)
SECTPHM1,383,SAMSUNG ELECTRONICS PHILIPPINES CORP.,TAGUIG,None
SAPPPHM1,384,SAPPHIRE SECURITIES INC.,MANILA,None
SAUAPHM1,385,SAVIOUR RURAL BANK, INC.,LUBAO,None
EQICPHM1,386,SB EQUITIES INCORPORATED,MANILA,None
SBRBPHM1,387,SECURED BANK, INC.,CAGAYAN DE ORO CITY,None
SECLPHM1,388,SECURITIES SPECIALISTS INC.,MANILA,None
SETCPHMM,389,SECURITY BANK CORPORATION,MANILA,None
SGSEPHM1,390,SG SECURITIES (PHILIPPINES),INC.,MANILA,None
SHBKPHMM,391,SHINHAN BANK MANILA BRANCH,TAGUIG CITY,None
SOLRPHM1,392,SOLAR SECURITIES INC.,MANILA,None
SOTTPHM1,393,SOUTH BANK INC,CAGAYAN DE ORO CITY,None
SUIRPHM1,394,SQUIRE SECURITIES, INC.,MANILA,None
SSSTPHM1,395,SSI - SYSTEMS STANDARDS INCORPORATED,MANILA,None
SCBLPHMM,396,STANDARD CHARTERED BANK,MAKATI CITY,None
SCBLPHMMEQI,397,STANDARD CHARTERED BANK,MANILA,(CUSTODIAL DEPARTMENT)
STACPHM1,398,STANDARD SECURITIES CORPORATION,MANILA,None
STIUPHM1,399,STATE INVESTMENT TRUST, INC.,MANDALUYONG CITY,None
STLAPH22,400,STERLING BANK OF ASIA INC.,SAN JUAN,None
SMBCPHMM,401,SUMITOMO MITSUI BANKING CORPORATION MANILA BRANCH,MAKATI CITY,None
ILBSPHM1,402,SUMMA INTERNATIONAL BANK LTD.,MANILA,None
SRLCPHM1,403,SUMMIT RURAL BANK OF LIPA CITY, INC,LIPA CITY,None
SUMMPHM1,404,SUMMIT SECURITIES INC.,MANILA,None
SUSVPHM1,405,SUN SAVINGS BANK,TALISAY CITY,None
SUPMPHM1,406,SUPREME STOCKBROKER INC.,MANILA,None
PHIIPHM1,407,TA BANK OF THE PHILIPPINES INC.,PASIG CITY,None
TACBPHMM,408,TAIWAN COOPERATIVE BANK MANILA OFFSHORE BANKING BRANCH,MANILA,None
TANGPHM1,409,TANSENGCO AND COMPANY INC.,MANILA,None
HSBCPHMMCEB,410,THE HONGKONG AND SHANGHAI BANKING CORPORATION LTD - PHILIPPINE BRANCH,CEBU,(CEBU BRANCH)
HSBCPHMMSEC,411,THE HONGKONG AND SHANGHAI BANKING CORPORATION LTD - PHILIPPINE BRANCH,MANILA,(CUSTODY AND CLEARING)
HSBCPHMMTRY,412,THE HONGKONG AND SHANGHAI BANKING CORPORATION LTD - PHILIPPINE BRANCH,MANILA,(MNL TREASURY DEPARTMENT)
HSBCPHMM,413,THE HONGKONG AND SHANGHAI BANKING CORPORATION LTD - PHILIPPINE BRANCH,TAGUIG CITY,None
MFCTPHMM,414,THE MANUFACTURERS LIFE INSURANCE CO. (PHILS.), INC.,MAKATI CITY,None
PAPDPHM1,415,THE PALAWAN BANK (PALAWAN DEVELOPMENT BANK, INC.).,PUERTO PRINCESA,None
AIACPHM1GIO,416,THE PHILIPPINE AMERICAN LIFE AND GENERAL INSURANCECOMPANY,TAGUIG,(GENERAL INVESTMENT OPERATIONS)
AIACPHMM,417,THE PHILIPPINE AMERICAN LIFE AND GENERAL INSURANCECOMPANY,TAGUIG,None
RETHPHM1,418,THE REAL BANK (A THRIFT BANK), INC.,QUEZON CITY,None
TRULPHM1,419,TIAONG RURAL BANK, INC.,TIAONG,None
TOWRPHM1,420,TOWER SECURITIES INC.,MANILA,None
TFSHPHM1,421,TOYOTA FINANCIAL SERVICES PHILIPPINES, CORP.,MAKATI CITY,None
TRBFPHM1,422,TRADERS ROYAL BANK,MANILA,None
TRAAPHM1,423,TRANS-ASIA SECURITIES INC.,MANILA,None
TRAOPHM1,424,TRANSNATIONAL SECURITIES, INC,MANILA,None
TRENPHM1,425,TRENDLINE SECURITIES CORP.,MANILA,None
TRITPHM1,426,TRI-STATE SECURITIES INC.,MANILA,None
UBPPPHM1,427,UBP SECURITIES INC.,MANILA,None
SWDEPHM1,428,UBS SECURITIES PHILIPPINES INC,MANILA,None
UCSVPHM1,429,UCPB SAVINGS BANK, INC.,MAKATI CITY,None
CPBBPHM1,430,UCPB SECURITIES INC.,MANILA,None
UCSEPHM1,431,UNICAPITAL SECURITIES,INC.,MANILA,None
UBPHPHMM,432,UNION BANK OF THE PHILIPPINES,PASIG CITY,None
UCPBPHMM,433,UNITED COCONUT PLANTERS BANK,MANILA,None
UOVBPHMM,434,UNITED OVERSEAS BANK LIMITED - MANILA BRANCH,MANILA,None
UKHCPHM1,435,UOB-KAY HIAN SECURITIES (PHILIPPINES), INC.,MANILA,None
TIOCPHM1,436,UY-TIOCO AND CO. INC.,MANILA,None
VARUPHM1,437,VALIANT BANK, INC. ( A RURAL BANK),ILOILO,None
VENTPHM1,438,VENTURE SECURITIES INC.,MANILA,None
VICGPHM1,439,VICENTE GOQUIOLAY AND CO., INC.,MANILA,None
VICAPHM1,440,VICSAL SECURITIES AND STOCKBROKERAGE INC.,MANILA,None
VGBCPHM1,441,VIGAN BANCO RURAL INCORPORADA,VIGAN,None
WEDVPHM1,442,WEALTH DEVELOPMENT BANK,CEBU CITY,None
WEASPHM1,443,WEALTH SECURITIES INC,MANILA,None
WESNPHM1,444,WESTIN SECURITIES CORP.,MANILA,None
WOLFPHM1,445,WOLFF AND CO. INC.,MANILA,None
WORUPHM1,446,WOMENS RURAL BANK, INC.,BATANGAS,None
WONGPHM1,447,WONG SECURITIES CORP.,MANILA,None
WOPAPHM1,448,WORLD PARTNERS BANK,SAN PEDRO,None
WISPPHM1,449,WORLDSEC INTERNATIONAL SECURITIES PHILIPPINES INC,MANILA,None
YAOZPHM1,450,YAO AND ZIALCITA INC.,MANILA,None
YAPTPHM1,451,YAPTINCHAY SEC. INC.,MANILA,None
YUOYPHM1,452,YU AND COMPANY, INC.,MANILA,None
HENEPHM1,453,YU HENG SECURITIES INC.,PASAY CITY,None
TYBKPHMM,454,YUANTA SAVINGS BANK (FORMERLY TONGYANG SAVINGS BANK),MANILA,None
ZARUPHM1,455,ZAMBALES RURAL BANK, INC.,OLONGAPO,None
ZACRPHM1,456,ZAMBOANGA CITY RURAL BANK, INC.,ZAMBOANGA CITY,None
