swift_code,id,bank,city,branch
AYGBESMM,1,A AND G BANCA PRIVADA, S.A.,MADRID,None
ABABESM1,2,A.B. ASESORES BURSATILES BOLSA, SA, S.V.B.,MADRID,None
ATECESM1,3,A.T. EQUITIES SPAIN A.V. S.A.,MADRID,None
EQSAESM1,4,A.T. EQUITIES SPAN A.V.B., S.A.,MADRID,None
AARBESM1,5,AAREAL BANK AG,MADRID,None
CAGLESMM,6,ABANCA CORPORACION BANCARIA, S.A.,BETANZOS,None
CAGLESMMCOP,7,ABANCA CORPORACION BANCARIA, S.A.,LA CORUNA (A CORUNA),(INTL. OPERATIONS AND FOREIGN TRADE)
CAGLESMMLCO,8,ABANCA CORPORACION BANCARIA, S.A.,LA CORUNA (A CORUNA),(PAYMENT SYSTEMS DEPT.)
CAGLESMMBAC,9,ABANCA CORPORACION BANCARIA, S.A.,MADRID,(BACK OFFICE)
CAGLESMMBOI,10,ABANCA CORPORACION BANCARIA, S.A.,MADRID,(FOREIGN TRADE AND INTL. OPERATIONS)
CAGLESMMVOP,11,ABANCA CORPORACION BANCARIA, S.A.,VIGO,(EXTRANJERO - VIGO)
CAGLESMMVIG,12,ABANCA CORPORACION BANCARIA, S.A.,VIGO,None
ASGSESMM,13,ABANTE ASESORES GESTION SGIIC SA,MADRID,None
DSGLESBB,14,ABASIC SLU,BARCELONA,None
ABGOESSE,15,ABENGOA,SEVILLA,None
ABIRESBB,16,ABERTIS INFRAESTRUCTURAS, SA,BARCELONA,None
ABAMESM1,17,ABN-AMRO, S.A. S.V.B.,MADRID,None
ACSVESB1,18,ACA, S.A. SOCIEDAD DE VALORES,BARCELONA,None
ADATESM1,19,ADVANTIC S.L,MADRID,None
AFPEESM1,20,AFINA PENTOR, A.V., S.A.,MADRID,None
AGAVESB1,21,AGENBOLSA A.V.B. S.A.,BARCELONA,None
AGFAESM1,22,AGUILAR Y DE LA FUENTE, S.A. AGENCIA DE VALORES,MADRID,None
AHCFESMMBAR,23,AHORRO CORPORACION FINANCIERA, S.V., S.A.,BARCELONA,(BARCELONA OFFICE)
AHCFESMMMAD,24,AHORRO CORPORACION FINANCIERA, S.V., S.A.,MADRID,(MADRID OFFICE)
AHCFESMM,25,AHORRO CORPORACION FINANCIERA, S.V., S.A.,MADRID,None
AHCFESMMVAL,26,AHORRO CORPORACION FINANCIERA, S.V., S.A.,VALENCIA,(VALENCIA OFFICE)
NMEQESM1,27,ALANTRA EQUITIES S.V., S.A.,MADRID,None
ACORESMM,28,ALDESA CONSTRUCCIONES S.A.,MADRID,None
AHPAES21,29,ALHAMBRA PARTNERS, S.V, S.A,POZUELO DE ALARCON,None
ATBEESM1,30,ALL TRADING EUROPE ASSETS AND MARKETS, S.V., S.A.U.,MADRID,None
ALLFESMM,31,ALLFUNDS BANK,ALCOBENDAS,None
ABCMESM1,32,ALLIED BANKING CORPORATION,MADRID,None
PFPFESBB,33,ALMIRALL, S.A.,BARCELONA,None
ALMTESM1,34,ALTURA MARKETS, S.A, S.V.,MADRID,None
ALVEES22,35,ALVEAN SUGAR, S.L., BILBAO,BILBAO,None
AMESESM1,36,AMERICAN EXPRESS COMPANY OF SPAIN,MADRID,None
BACAESMM,37,ANDBANK ESPANA S.A.,MADRID,None
AAMAESMM,38,ANDBANK WEALTH MANAGEMENT SGIIC SA,MADRID,None
ANDOESM1,39,ANDINO, AGENCIA DE VALORES Y BOLSA, S.A.,MADRID,None
AREBESMMBAR,40,ARESBANK, S.A.,BARCELONA,None
AREBESMMCAN,41,ARESBANK, S.A.,LAS PALMAS DE GRAN CANARIA,None
AREBESMMINV,42,ARESBANK, S.A.,MADRID,(FINANCIAL DIVISION)
AREBESMMINT,43,ARESBANK, S.A.,MADRID,(INTERNATIONAL DIVISION)
AREBESMM,44,ARESBANK, S.A.,MADRID,None
AREBESMMMAD,45,ARESBANK, S.A.,MADRID,None
AREBESMMMAR,46,ARESBANK, S.A.,MARBELLA,None
LOCAESM1,47,ARIBAU PRODUCTOS S L,BARCELONA,None
ARGEESB1,48,ARQUIA GESTION,BARCELONA,None
ARLEES21,49,ARTECHE LANTEGI ELKARTEA S.A.,MUNGIA,None
ASAUESMM,50,ASISA, ASISTENCIA SANITARIA INTERPROVINCIAL DE SEGUROS, S.A (SOCIEDED UNIPERSONAL),MADRID,None
ASSCESM1,51,ASSOCIATES CAPITAL CORPORATION PLC SUCURSAL EN ESPANA,MADRID,None
ATCVESM1,52,ATL 12 CAPITAL INVERSIONES AV, SA,MADRID,None
ACAGESMM,53,ATRADIUS CREDITO Y CAUCION S.A. DE SEGUROS Y REASEGUROS,MADRID,None
BCMAESMM,54,ATTIJARIWAFA BANK EUROPE SUCURSAL EN ESPANA SA,MADRID,None
ASSVESM1,55,AURIGA GLOBAL INVESTORS SOCIEDAD DE VALORES, S.A.,MADRID,None
AXAVES21,56,AXA AURORA VIDA,BILBAO,None
AXIBESM1,57,AXA IBERCAPITAL,MADRID,None
AXMSESB1,58,AXA MEDITERRANEAN SERVICES,BARCELONA,None
AXIPESBBMPS,59,AXA SEGUROS GENERALES, SA DE SEGUROS Y RESEGUROS,BARCELONA,(MPS)
AXIPESBB,60,AXA SEGUROS GENERALES, SA DE SEGUROS Y RESEGUROS,BARCELONA,None
ACDAES21,61,AXESOR CONOCER PARA DECIDIR SA AXESOR,ARMILLA,None
ASFIESM1,62,B. AND T. ASOCIADOS FINANCIEROS, S.A., S.V.B.,MADRID,None
CATBESM1,63,B.I. CAPITAL A.V.B., S.A.,MADRID,None
FASNESM1,64,BANCA FARMAFACTORING S.P.A SUCURSAL EN ESPAA,MADRID,None
BMARES2M,65,BANCA MARCH, SA,PALMA DE MALLORCA,None
BNLIESM1,66,BANCA NAZIONALE DEL LAVORO,MADRID,None
ETICES21,67,BANCA POPOLARE ETICA,BILBAO,None
BAPUES22,68,BANCA PUEYO, S.A.,VILLANUEVA DE LA SERENA,None
ALCLESMM015,69,BANCO ALCALA S.A.,MADRID,(ENTIDAD AGENTE - IBERCLEAR)
ALCLESMM,70,BANCO ALCALA S.A.,MADRID,None
ALCIESM1,71,BANCO ALICANTINO DE COMERCIO S.A.,MADRID,None
BBVAESMMRIM,72,BANCO BILBAO VIZCAYA ARGENTARIA S.A.,MADRID,(BACKOFFICE - EQUITY EXECUTION)
BBVAESMMBAG,73,BANCO BILBAO VIZCAYA ARGENTARIA S.A.,MADRID,(BANCO AGENTE)
BBVAESMMCMP,74,BANCO BILBAO VIZCAYA ARGENTARIA S.A.,MADRID,(CLIENTE MULTIPAIS)
BBVAESM1CTX,75,BANCO BILBAO VIZCAYA ARGENTARIA S.A.,MADRID,(EQUITY EXECUTIONS CONFIRMATIONS NSV CTM)
BBVAESMMCFI,76,BANCO BILBAO VIZCAYA ARGENTARIA S.A.,MADRID,(FIX INCOME)
BBVAESMM,77,BANCO BILBAO VIZCAYA ARGENTARIA S.A.,MADRID,(FOR ALL REMAINING UNLISTED BRANCHES)
BBVAESM1CTM,78,BANCO BILBAO VIZCAYA ARGENTARIA S.A.,MADRID,(GESTORAS DE RENTA FIJA)
BBVAESMMBOL,79,BANCO BILBAO VIZCAYA ARGENTARIA S.A.,MADRID,(INTERNAL MESSAGING)
BBVAESM1RMS,80,BANCO BILBAO VIZCAYA ARGENTARIA S.A.,MADRID,(MIDDLE OFFICE RENTA VARIABLE)
BBVAESMMCBF,81,BANCO BILBAO VIZCAYA ARGENTARIA S.A.,MADRID,(NSCV LMP)
BBVAESM1OPV,82,BANCO BILBAO VIZCAYA ARGENTARIA S.A.,MADRID,(OPV SECURITIES MANAGEMENT)
BBVAESMMFXD,83,BANCO BILBAO VIZCAYA ARGENTARIA S.A.,MADRID,(TREASURY DEPARTMENT)
BBVAESMMREL,84,BANCO BILBAO VIZCAYA ARGENTARIA S.A.,MADRID,None
BBPIESMM,85,BANCO BPI S.A.- SUCURSAL EN ESPANA,MADRID,None
CGDIESMM,86,BANCO CAIXA GERAL,MADRID,None
CCOCESMM,87,BANCO CAMINOS,MADRID,None
CCOCESMMRVN,88,BANCO CAMINOS,MADRID,None
BOCAES21,89,BANCO CANARIAS DE VENEZUELA, CA,SANTA CRUZ DE TENERIFE,None
MOSTESM1,90,BANCO COMERCIAL MOST BANK,MADRID,None
BCOMESM1,91,BANCO COMERCIAL PORTUGUES S.A.,MADRID,None
BCNDESM1,92,BANCO CONDAL, S.A.,MADRID,None
CONSESM1,93,BANCO CONSOLIDADO ESPANA, S.A..,MADRID,None
BCOEESMM,94,BANCO COOPERATIVO ESPANOL S.A.,MADRID,None
BCOEESMMRVN,95,BANCO COOPERATIVO ESPANOL S.A.,MADRID,None
ALACESM1,96,BANCO DE ALBACETE, S.A.,MADRID,None
BAROESM1,97,BANCO DE BARCELONA, S.A.,MADRID,None
CSSOES2SFIN,98,BANCO DE CAJA ESPANA DE INVERSIONES,MADRID,(FINANCIAL DEPARTMENT)
CSSOES2STRE,99,BANCO DE CAJA ESPANA DE INVERSIONES,MADRID,(TREASURY DEPARTMENT)
CSSOES2S,100,BANCO DE CAJA ESPANA DE INVERSIONES,SALAMANCA,None
CSPAES2L108,101,BANCO DE CAJA ESPANA DE INVERSIONES, SALAMANCA Y SORIA, S.A.,LEON,None
CSPAES2L,102,BANCO DE CAJA ESPANA DE INVERSIONES, SALAMANCA Y SORIA, S.A.,MADRID,None
CECAESMM105,103,BANCO DE CASTILLA-LA MANCHA, S.A.,CUENCA,None
BCCAESMM,104,BANCO DE CREDITO SOCIAL COOPERATIVO SA.,MADRID,None
BDEPESM1,105,BANCO DE DEPOSITOS, S.A.,MADRID,None
DEEEESM10BB,106,BANCO DE DESARROLLO ECONOMICO ESPANOL,BARCELONA,None
DEEEESM1,107,BANCO DE DESARROLLO ECONOMICO ESPANOL,MADRID,None
ESPBESM1AAD,108,BANCO DE ESPANA,MADRID,(AAD)
ESPBESMMAFD,109,BANCO DE ESPANA,MADRID,(AFD)
ESPBESM1AMF,110,BANCO DE ESPANA,MADRID,(AMF)
ESPBESMMASI,111,BANCO DE ESPANA,MADRID,(ASI)
ESPBESMMAYM,112,BANCO DE ESPANA,MADRID,(AYM)
ESPBESMMSDD,113,BANCO DE ESPANA,MADRID,(BANCO DE ESPANA)
ESPBESMMC01,114,BANCO DE ESPANA,MADRID,(C01)
ESPBESMMC02,115,BANCO DE ESPANA,MADRID,(C02)
ESPBESMMC03,116,BANCO DE ESPANA,MADRID,(C02)
ESPBESMMC04,117,BANCO DE ESPANA,MADRID,(C03)
ESPBESMMC05,118,BANCO DE ESPANA,MADRID,(C04)
ESPBESMMC06,119,BANCO DE ESPANA,MADRID,(C06)
ESPBESMMC07,120,BANCO DE ESPANA,MADRID,(C07)
ESPBESMMC08,121,BANCO DE ESPANA,MADRID,(C08)
ESPBESMMC09,122,BANCO DE ESPANA,MADRID,(C09)
ESPBESMMC10,123,BANCO DE ESPANA,MADRID,(C10)
ESPBESMMC11,124,BANCO DE ESPANA,MADRID,(C11)
ESPBESMMC12,125,BANCO DE ESPANA,MADRID,(C12)
ESPBESMMC13,126,BANCO DE ESPANA,MADRID,(C13)
ESPBESMMC14,127,BANCO DE ESPANA,MADRID,(C14)
ESPBESMMC15,128,BANCO DE ESPANA,MADRID,(C15)
ESPBESM1CBE,129,BANCO DE ESPANA,MADRID,(CBE)
ESPBESM1CDI,130,BANCO DE ESPANA,MADRID,(CDI)
ESPBESM1CPM,131,BANCO DE ESPANA,MADRID,(CPM)
ESPBESMMCSP,132,BANCO DE ESPANA,MADRID,(CSP)
ESPBESM1EGD,133,BANCO DE ESPANA,MADRID,(EGD)
ESPBESMMFFA,134,BANCO DE ESPANA,MADRID,(FFA)
ESPBESMMFGE,135,BANCO DE ESPANA,MADRID,(FGE)
ESPBESMMFGS,136,BANCO DE ESPANA,MADRID,(FGS)
ESPBESM1FGT,137,BANCO DE ESPANA,MADRID,(FGT)
ESPBESMMECB,138,BANCO DE ESPANA,MADRID,(FOREIGN OPERATIONS BACK OFFICE)
ESPBESMMFRB,139,BANCO DE ESPANA,MADRID,(FROB)
ESPBESMMGAR,140,BANCO DE ESPANA,MADRID,(GAR)
ESPBESMMEUX,141,BANCO DE ESPANA,MADRID,(INTERNCB)
ESPBESMMIVP,142,BANCO DE ESPANA,MADRID,(IVP)
ESPBESMMMID,143,BANCO DE ESPANA,MADRID,(MID)
ESPBESMMOCC,144,BANCO DE ESPANA,MADRID,(OCC)
ESPBESM1OFI,145,BANCO DE ESPANA,MADRID,(OFI)
ESPBESMMPLC,146,BANCO DE ESPANA,MADRID,(PLC)
ESPBESMMPLV,147,BANCO DE ESPANA,MADRID,(PLV)
ESPBESMMPP3,148,BANCO DE ESPANA,MADRID,(PP3)
ESPBESMMPSP,149,BANCO DE ESPANA,MADRID,(PSP)
ESPBESMMRMS,150,BANCO DE ESPANA,MADRID,(RESERVE MANAGEMENT SERVICES)
ESPBESMMRT6,151,BANCO DE ESPANA,MADRID,(RT6)
ESPBESMMSRB,152,BANCO DE ESPANA,MADRID,(SRB)
ESPBESMMSTE,153,BANCO DE ESPANA,MADRID,(STE)
ESPBESMMTCA,154,BANCO DE ESPANA,MADRID,(TCA)
ESPBESMMTEC,155,BANCO DE ESPANA,MADRID,(TEC)
ESPBESMMTFP,156,BANCO DE ESPANA,MADRID,(TFP 9049)
ESPBESMMTLC,157,BANCO DE ESPANA,MADRID,(TLC)
ESPBESM1TRD,158,BANCO DE ESPANA,MADRID,(TRD)
ESPBESMMTSS,159,BANCO DE ESPANA,MADRID,(TSS)
ESPBESMMTTE,160,BANCO DE ESPANA,MADRID,(TTE)
ESPBESMM,161,BANCO DE ESPANA,MADRID,None
ESPBESMMCCB,162,BANCO DE ESPANA,MADRID,None
ESPBESMMHIT,163,BANCO DE ESPANA,MADRID,None
NACNESMM,164,BANCO DE LA NACION ARGENTINA, SUCURSAL MADRID,MADRID,None
PRBAESM1,165,BANCO DE LA PROVINCIA DE BUENOS AIRES,MADRID,None
AEEVESM1,166,BANCO DE LAS ACTIV. ECONOMICAS EXTERIORES (VNESHECONOMBANK),MADRID,None
MADRESMM,167,BANCO DE MADRID S.A.,MADRID,None
PRNEESM1,168,BANCO DE PROMOCION DE NEGOCIOS SA,MADRID,None
BSABESBB,169,BANCO DE SABADELL, S.A.,SABADELL,None
BSABESBBBME,170,BANCO DE SABADELL, S.A.,SABADELL,None
BSABESBBEAG,171,BANCO DE SABADELL, S.A.,SABADELL,None
BRASESMM,172,BANCO DO BRASIL AG - SUCURSAL EN ESPANA,MADRID,None
BRASESB1,173,BANCO DO BRASIL SA,MADRID,None
ESFIESM1,174,BANCO ESFINGE S.A.,MADRID,None
BEDFESM1,175,BANCO EUROPEO DE FINANZAS, S.A.,MADRID,None
FIEIESM1,176,BANCO FIMESTIC S.A.,MADRID,None
FIOFESM1,177,BANCO FINANTIA SOFINLOC, S.A.,MADRID,None
TRESES21,178,BANCO GRUPO CAJATRES,BURGOS,None
INBBESM1,179,BANCO INDUSTRIAL DE BILBAO, S.A.,BILBAO,None
INALESM1,180,BANCO INDUSTRIAL DE CATALUNA, S.A.,MADRID,None
BIMEESM1,181,BANCO INTERNACIONAL, S.A.,MADRID,None
INVLESMMOPS,182,BANCO INVERSIS, S.A.,MADRID,(LIQUIDACION Y CUSTODIA)
INVLESMM,183,BANCO INVERSIS, S.A.,MADRID,None
GBMNESMM,184,BANCO MARE NOSTRUM, S.A.,MADRID,None
CECAESMM043,185,BANCO MARE NOSTRUM, S.A.,MURCIA,None
BFIVESBBRFP,186,BANCO MEDIOLANUM, S.A.,BARCELONA,(RENTA FIJA CUENTA PROPIA)
BFIVESBB,187,BANCO MEDIOLANUM, S.A.,BARCELONA,None
BNACESM1,188,BANCO NACIONAL DE CUBA,MADRID,None
OCBAESM1,189,BANCO OCCIDENTAL, S.A.,MADRID,None
PSTRESMMBAR,190,BANCO PASTOR S.A.,BARCELONA,None
PSTRESMMBIL,191,BANCO PASTOR S.A.,BILBAO,None
PSTRESMM,192,BANCO PASTOR S.A.,LA CORUNA (A CORUNA),None
PSTRESMMLCO,193,BANCO PASTOR S.A.,LA CORUNA (A CORUNA),None
PSTRESMMVAL,194,BANCO PASTOR S.A.,VALENCIA,None
PSTRESMMVGO,195,BANCO PASTOR S.A.,VIGO,None
PSTRESMMZAR,196,BANCO PASTOR S.A.,ZARAGOZA,None
PICHESMM,197,BANCO PICHINCHA,MADRID,None
POPUESMMBAR,198,BANCO POPULAR ESPANOL, S.A.,BARCELONA,None
POPUESMMCMG,199,BANCO POPULAR ESPANOL, S.A.,MADRID,(CASH MANAGEMENT)
POPUESMMREX,200,BANCO POPULAR ESPANOL, S.A.,MADRID,(RED EXTERIOR DEPARTMENT)
POPUESMMBOL,201,BANCO POPULAR ESPANOL, S.A.,MADRID,(SECURITIES)
POPUESMM,202,BANCO POPULAR ESPANOL, S.A.,MADRID,None
POPUESMMEAG,203,BANCO POPULAR ESPANOL, S.A.,MADRID,None
BPIPESM1,204,BANCO PORTUGUES DE INVESTIMENTO, S.A. SUCURSAL ENESPANA,MADRID,None
BPPOESM1,205,BANCO PRIVADO PORTUGUES, S.A.,MADRID,None
BSCHESMG,206,BANCO SANTANDER S.A CIUDAD GRUPO SANTANDER.EDF.PAMPA,MADRID,None
BSCHESMM,207,BANCO SANTANDER S.A.,MADRID,(ALL SPAIN BRANCHES)
BSCHESMMAGE,208,BANCO SANTANDER S.A.,MADRID,(ONLY FOR SECURITIES)
BSCHESMMBME,209,BANCO SANTANDER S.A.,MADRID,(ONLY FOR SECURITIES)
BSCHESMMCLS,210,BANCO SANTANDER S.A.,MADRID,(SANTANDER MADRID CLS CONTROL BRANCH)
NORTESMM,211,BANCO SANTANDER S.A. FORMERLY BANCO BANIF S.A.,BOADILLA DEL MONTE,None
ESPCESMM,212,BANCO SANTANDER S.A. FORMERLY BANCO ESPANOL DE CREDITO,BOADILLA DEL MONTE,(MADRID AND ALL SPANISH OFFICES)
STOLESM1,213,BANCO SBS-AGRO,MADRID,None
SHSAESM1,214,BANCO SYGMA HISPANIA,MADRID,None
BAOFESM1,215,BANCOFAR S.A.,MADRID,None
BVALESMMRFN,216,BANCOVAL SECURITIES SERVICES S.A.,MADRID,(BANCOVAL FIXED INCOME)
BVALESMM,217,BANCOVAL SECURITIES SERVICES S.A.,MADRID,None
BNNAESM1,218,BANDENIA BANCA,MADRID,None
BNCVESM1,219,BANDENIA CAPITAL INVESTMENT PLC,LAS ROZAS DE MADRID,None
BNESESM1,220,BANDENIA EMPRENDE S.A.C.,LAS ROZAS DE MADRID,None
BFIGESM1,221,BANDENIA FIDUCIARY MANAGEMENT LTD,MADRID,None
BFGMESM1,222,BANDENIA FINANCIAL GROUP PLC,MADRID,None
BAZEESM1,223,BANDENIA FINANZIA E.D.E., S.L.,LAS ROZAS DE MADRID,None
BADTESM1,224,BANDENIA PARTICIPADAS S.L.,LAS ROZAS DE MADRID,None
BPEEESM1,225,BANDENIA PRIVATE EQUITY PARTNES LTD,LAS ROZAS DE MADRID,None
BNRRESM1,226,BANDENIA PROPERTIES LTD,LAS ROZAS DE MADRID,None
BNNDESM1,227,BANDENIA S.A.,MADRID,None
BAUCESM1,228,BANDENIA SECURE PROCESSING LTD,LAS ROZAS DE MADRID,None
BAEMESM1,229,BANESTO BANCO DE EMISIONES S.A.,MADRID,None
BKAUESM1,230,BANK AUSTRIA CREDITANSTALT INTERNATIONAL AG,MADRID,None
DEGRESBBNDP,231,BANK DEGROOF PETERCAM SPAIN, S.A.,BARCELONA,(NON DEPOSITED)
DEGRESBB,232,BANK DEGROOF PETERCAM SPAIN, S.A.,BARCELONA,None
AECEESM1,233,BANK OF AMERICA EUROPE CARD SERVICES, MBNA ESPANA,MADRID,None
BOFAES2X,234,BANK OF AMERICA MERRILL LYNCH INTERNATIONAL LIMITED,MADRID,None
IRVTESM1,235,BANK OF NEW YORK, THE,MADRID,None
BOTKESM10BB,236,BANK OF TOKYO-MITSUBISHI UFJ, LTD., THE,BARCELONA,(BARCELONA SUB-BRANCH OF MADRID BRANCH)
BOTKESMX,237,BANK OF TOKYO-MITSUBISHI UFJ, LTD., THE,MADRID,(MADRID BRANCH)
BKTRESM1,238,BANKERS TRUST COMPANY, SUCURSAL EN ESPANA,MADRID,None
CAHMESMM,239,BANKIA S.A.,VALENCIA,None
BGSAESMM,240,BANKINTER GESTION DE ACTIVOS, S.A., S.G.I.I.C.,MADRID,None
BKBKESMMALI,241,BANKINTER, S.A.,ALICANTE,None
BKBKESMMBAR,242,BANKINTER, S.A.,BARCELONA,None
BKBKESMMBIL,243,BANKINTER, S.A.,BILBAO,None
BKBKESMMLPS,244,BANKINTER, S.A.,LAS PALMAS DE GRAN CANARIA,None
BKBKESMMBAC,245,BANKINTER, S.A.,MADRID,(BACK OFFICE TESORERIA-ARBITRAJES)
BKBKESMMFON,246,BANKINTER, S.A.,MADRID,(FUNDS DEPARTMENT)
BKBKESMM,247,BANKINTER, S.A.,MADRID,None
BKBKESMMMAL,248,BANKINTER, S.A.,MALAGA,None
BKBKESMMMUR,249,BANKINTER, S.A.,MURCIA,None
BKBKESMMPAL,250,BANKINTER, S.A.,PALMA DE MALLORCA,None
BKBKESMMNAV,251,BANKINTER, S.A.,PAMPLONA,None
BKBKESMMSSE,252,BANKINTER, S.A.,SAN SEBASTIAN,None
BKBKESMMTEN,253,BANKINTER, S.A.,SANTA CRUZ DE TENERIFE,None
BKBKESMMSAN,254,BANKINTER, S.A.,SANTANDER,None
BKBKESMMSEV,255,BANKINTER, S.A.,SEVILLA,None
BKBKESMMVAL,256,BANKINTER, S.A.,VALENCIA,None
BKBKESMMVIG,257,BANKINTER, S.A.,VIGO,None
BKBKESMMZAR,258,BANKINTER, S.A.,ZARAGOZA,None
BKOAES22,259,BANKOA S.A. CREDIT AGRICOLE,SAN SEBASTIAN,(HEAD OFFICE)
BCDMESMM,260,BANQUE CHAABI DU MAROC SUCURSAL ESPANA,MADRID,None
BCMAESM1,261,BANQUE COMMERCIALE DU MAROC,MADRID,None
COURESB1,262,BANQUE COURTOIS,BARCELONA,None
BMCEESMM,263,BANQUE MAROCAINE DU COMMERCE EXTERIEUR INTERNATIONAL, S.A.,MADRID,None
PRIBESMX,264,BANQUE PRIVEE EDMOND DE ROTHSCHILD EUROPE, SUCURSAL EN ESPANA,MADRID,None
PSABESM1,265,BANQUE PSA FINANCE,MADRID,None
REDEESM1,266,BANQUE REGIONALE D'ESCOMPTE ET DE DEPOTS,MADRID,None
SCSIESM1,267,BANQUE SCANDINAVE EN SUISSE,MARBELLA,None
BSSAESB1,268,BANQUE SCS ALLIANCE,BARCELONA,None
BSUDESM1,269,BANQUE SUDAMERIS,MADRID,None
XBARESB1,270,BARCELONA STOCK EXCHANGE,BARCELONA,None
BPLCESMM,271,BARCLAYS BANK PLC,MADRID,None
BAZWESM1,272,BARCLAYS PIZARRO Y ROCODER S.A., S.V.B.,MADRID,None
HYVEESM1,273,BAYERISCHE HYPO- UND VEREINSBANK AG,MADRID,None
BPAVESM1,274,BBVA AND PARTNERS ALTERNATIVE INVESTMENTS S.A., A.V.,MADRID,None
BBFIES21,275,BBVA BANCO DE FINANCIACION, S.A.,BILBAO,None
BBGEESM1,276,BBVA GESTION,MADRID,None
BBSGESM1,277,BBVA SEGUROS,MADRID,None
BECKESM1,278,BEAR, CROSBY AND PIKE, A.V., S.A.,MADRID,None
CMBOESMMBK1,279,BEKA FINANCE, S.V., S.A.,MADRID,(AGENT PAYMENT)
CMBOESMMBK2,280,BEKA FINANCE, S.V., S.A.,MADRID,(REPORTING CNMV)
CMBOESMM,281,BEKA FINANCE, S.V., S.A.,MADRID,None
BENMESM1,282,BENITO Y MONJARDIN S.V.B., S.A.,MADRID,None
BEIVESM1,283,BES INVESTIMENTO SA,MADRID,None
BEERESM1,284,BESTINVER, S.V.B., S.A.,MADRID,None
BECAESM1BAR,285,BETA CAPITAL S.V.B., S.A.,BARCELONA,(BARCELONA OFFICE)
BECAESM1,286,BETA CAPITAL S.V.B., S.A.,MADRID,None
BIGKESM1,287,BIGBANK AS CONSUMER FINANCE SUCURSAL EN ESPANA,MADRID,None
BPFDES21,288,BILBAO PLAZA FINANCIERA DEPOSITARIA, AGENCIA DE V LORES, S.A.,BILBAO,None
BMEUESM1,289,BMCE EUROSERVICES,MADRID,None
MEFFESBBCCP,290,BME CLEARING,BARCELONA,(ANCILLARY SYSTEM)
MEFFESBBMRG,291,BME CLEARING,BARCELONA,(MARGIN ACCOUNT)
MEFFESBBMES,292,BME CLEARING,BARCELONA,(MEFF EURO SERVICES)
MEFFESBBMRF,293,BME CLEARING,BARCELONA,(MEFF RENTA FIJA)
MEFFESBBRRR,294,BME CLEARING,BARCELONA,(MEFFREPO)
MEFFESBBCRV,295,BME CLEARING,MADRID,(BME CLEARING CONTADO RENTA VARIABLE)
MEFFESBBVVV,296,BME CLEARING,MADRID,(BME CLEARING CONTADO RENTA VARIABLE)
MEFFESBBCRF,297,BME CLEARING,MADRID,(BME CLEARING S.A.U. - CONTADO RENTA FIJA)
MEFFESBBMRV,298,BME CLEARING,MADRID,(MEFF RENTA VARIABLE)
MEFFESBB,299,BME CLEARING,MADRID,None
BNPAESMM,300,BNP PARIBAS ESPANA, S.A.,MADRID,None
BNPAESMZ,301,BNP PARIBAS ESPANA, S.A.,MADRID,None
GEBAESMMBAR,302,BNP PARIBAS FORTIS, SA/NV SUCURSAL EN ESPANA,BARCELONA,(BARCELONA BRANCH)
GEBAESMMBIL,303,BNP PARIBAS FORTIS, SA/NV SUCURSAL EN ESPANA,BILBAO,None
GEBAESMMMAD,304,BNP PARIBAS FORTIS, SA/NV SUCURSAL EN ESPANA,MADRID,(MADRID BRANCH)
GEBAESMM,305,BNP PARIBAS FORTIS, SA/NV SUCURSAL EN ESPANA,MADRID,None
GEBAESMMVAL,306,BNP PARIBAS FORTIS, SA/NV SUCURSAL EN ESPANA,VALENCIA,(VALENCIA BRANCH)
BNPAESMH,307,BNP PARIBAS S.A. SUCURSAL EN ESPANA,MADRID,None
BNPAESMS,308,BNP PARIBAS S.A. SUCURSAL EN ESPANA,MADRID,None
PARBESMXCTS,309,BNP PARIBAS SECURITIES SERVICES, SPAIN,MADRID,(BNP PARIBAS SECURITIES SERVICES CTS)
PARBESMXISI,310,BNP PARIBAS SECURITIES SERVICES, SPAIN,MADRID,(BNP PARIBAS SECURITIES SERVICES, SPAIN)
PARBESMXAFB,311,BNP PARIBAS SECURITIES SERVICES, SPAIN,MADRID,(BP2S MADRID)
PARBESMXUSA,312,BNP PARIBAS SECURITIES SERVICES, SPAIN,MADRID,(BP2S MADRID)
PARBESMXWMG,313,BNP PARIBAS SECURITIES SERVICES, SPAIN,MADRID,(BP2S MADRID)
PARBESMXFDS,314,BNP PARIBAS SECURITIES SERVICES, SPAIN,MADRID,(BP2S MARDRID)
PARBESMXFRX,315,BNP PARIBAS SECURITIES SERVICES, SPAIN,MADRID,(BP2S MARDRID)
PARBESMXSRA,316,BNP PARIBAS SECURITIES SERVICES, SPAIN,MADRID,(BP2S MARDRID)
PARBESMXFFO,317,BNP PARIBAS SECURITIES SERVICES, SPAIN,MADRID,(BP2S SPAIN FDS FOREIGN)
PARBESMXFFR,318,BNP PARIBAS SECURITIES SERVICES, SPAIN,MADRID,(BP2S SPAIN FDS FRENCH)
PARBESMXTRB,319,BNP PARIBAS SECURITIES SERVICES, SPAIN,MADRID,(BP2S SPAIN TREBOL)
PARBESMXCVW,320,BNP PARIBAS SECURITIES SERVICES, SPAIN,MADRID,(FOR CLIENT VIEW LOCAL MADRID APPLICATION)
PARBESX1000,321,BNP PARIBAS SECURITIES SERVICES, SPAIN,MADRID,(MADRID)
PARBESX1001,322,BNP PARIBAS SECURITIES SERVICES, SPAIN,MADRID,(MADRID)
PARBESX1002,323,BNP PARIBAS SECURITIES SERVICES, SPAIN,MADRID,(MADRID)
PARBESX1003,324,BNP PARIBAS SECURITIES SERVICES, SPAIN,MADRID,(MADRID)
PARBESX1004,325,BNP PARIBAS SECURITIES SERVICES, SPAIN,MADRID,(MADRID)
PARBESX1005,326,BNP PARIBAS SECURITIES SERVICES, SPAIN,MADRID,(MADRID)
PARBESX1006,327,BNP PARIBAS SECURITIES SERVICES, SPAIN,MADRID,(MADRID)
PARBESX1007,328,BNP PARIBAS SECURITIES SERVICES, SPAIN,MADRID,(MADRID)
PARBESX1008,329,BNP PARIBAS SECURITIES SERVICES, SPAIN,MADRID,(MADRID)
PARBESX1009,330,BNP PARIBAS SECURITIES SERVICES, SPAIN,MADRID,(MADRID)
PARBESX1010,331,BNP PARIBAS SECURITIES SERVICES, SPAIN,MADRID,(MADRID)
PARBESX1011,332,BNP PARIBAS SECURITIES SERVICES, SPAIN,MADRID,(MADRID)
PARBESX1012,333,BNP PARIBAS SECURITIES SERVICES, SPAIN,MADRID,(MADRID)
PARBESX1013,334,BNP PARIBAS SECURITIES SERVICES, SPAIN,MADRID,(MADRID)
PARBESX1014,335,BNP PARIBAS SECURITIES SERVICES, SPAIN,MADRID,(MADRID)
PARBESX1015,336,BNP PARIBAS SECURITIES SERVICES, SPAIN,MADRID,(MADRID)
PARBESX1016,337,BNP PARIBAS SECURITIES SERVICES, SPAIN,MADRID,(MADRID)
PARBESX1017,338,BNP PARIBAS SECURITIES SERVICES, SPAIN,MADRID,(MADRID)
PARBESX1018,339,BNP PARIBAS SECURITIES SERVICES, SPAIN,MADRID,(MADRID)
PARBESX1019,340,BNP PARIBAS SECURITIES SERVICES, SPAIN,MADRID,(MADRID)
PARBESX1020,341,BNP PARIBAS SECURITIES SERVICES, SPAIN,MADRID,(MADRID)
PARBESX1021,342,BNP PARIBAS SECURITIES SERVICES, SPAIN,MADRID,(MADRID)
PARBESX1022,343,BNP PARIBAS SECURITIES SERVICES, SPAIN,MADRID,(MADRID)
PARBESX1023,344,BNP PARIBAS SECURITIES SERVICES, SPAIN,MADRID,(MADRID)
PARBESX1024,345,BNP PARIBAS SECURITIES SERVICES, SPAIN,MADRID,(MADRID)
PARBESX1025,346,BNP PARIBAS SECURITIES SERVICES, SPAIN,MADRID,(MADRID)
PARBESX1026,347,BNP PARIBAS SECURITIES SERVICES, SPAIN,MADRID,(MADRID)
PARBESX1027,348,BNP PARIBAS SECURITIES SERVICES, SPAIN,MADRID,(MADRID)
PARBESX1028,349,BNP PARIBAS SECURITIES SERVICES, SPAIN,MADRID,(MADRID)
PARBESX1029,350,BNP PARIBAS SECURITIES SERVICES, SPAIN,MADRID,(MADRID)
PARBESX1030,351,BNP PARIBAS SECURITIES SERVICES, SPAIN,MADRID,(MADRID)
PARBESX1031,352,BNP PARIBAS SECURITIES SERVICES, SPAIN,MADRID,(MADRID)
PARBESX1032,353,BNP PARIBAS SECURITIES SERVICES, SPAIN,MADRID,(MADRID)
PARBESX1033,354,BNP PARIBAS SECURITIES SERVICES, SPAIN,MADRID,(MADRID)
PARBESX1034,355,BNP PARIBAS SECURITIES SERVICES, SPAIN,MADRID,(MADRID)
PARBESX1035,356,BNP PARIBAS SECURITIES SERVICES, SPAIN,MADRID,(MADRID)
PARBESX1036,357,BNP PARIBAS SECURITIES SERVICES, SPAIN,MADRID,(MADRID)
PARBESX1037,358,BNP PARIBAS SECURITIES SERVICES, SPAIN,MADRID,(MADRID)
PARBESX1038,359,BNP PARIBAS SECURITIES SERVICES, SPAIN,MADRID,(MADRID)
PARBESX1039,360,BNP PARIBAS SECURITIES SERVICES, SPAIN,MADRID,(MADRID)
PARBESX1040,361,BNP PARIBAS SECURITIES SERVICES, SPAIN,MADRID,(MADRID)
PARBESX1041,362,BNP PARIBAS SECURITIES SERVICES, SPAIN,MADRID,(MADRID)
PARBESX1042,363,BNP PARIBAS SECURITIES SERVICES, SPAIN,MADRID,(MADRID)
PARBESX1043,364,BNP PARIBAS SECURITIES SERVICES, SPAIN,MADRID,(MADRID)
PARBESX1044,365,BNP PARIBAS SECURITIES SERVICES, SPAIN,MADRID,(MADRID)
PARBESX1045,366,BNP PARIBAS SECURITIES SERVICES, SPAIN,MADRID,(MADRID)
PARBESX1046,367,BNP PARIBAS SECURITIES SERVICES, SPAIN,MADRID,(MADRID)
PARBESX1047,368,BNP PARIBAS SECURITIES SERVICES, SPAIN,MADRID,(MADRID)
PARBESX1048,369,BNP PARIBAS SECURITIES SERVICES, SPAIN,MADRID,(MADRID)
PARBESX1049,370,BNP PARIBAS SECURITIES SERVICES, SPAIN,MADRID,(MADRID)
PARBESX1050,371,BNP PARIBAS SECURITIES SERVICES, SPAIN,MADRID,(MADRID)
PARBESX1051,372,BNP PARIBAS SECURITIES SERVICES, SPAIN,MADRID,(MADRID)
PARBESX1052,373,BNP PARIBAS SECURITIES SERVICES, SPAIN,MADRID,(MADRID)
PARBESX1053,374,BNP PARIBAS SECURITIES SERVICES, SPAIN,MADRID,(MADRID)
PARBESX1054,375,BNP PARIBAS SECURITIES SERVICES, SPAIN,MADRID,(MADRID)
PARBESX1055,376,BNP PARIBAS SECURITIES SERVICES, SPAIN,MADRID,(MADRID)
PARBESX1056,377,BNP PARIBAS SECURITIES SERVICES, SPAIN,MADRID,(MADRID)
PARBESX1057,378,BNP PARIBAS SECURITIES SERVICES, SPAIN,MADRID,(MADRID)
PARBESX1058,379,BNP PARIBAS SECURITIES SERVICES, SPAIN,MADRID,(MADRID)
PARBESX1059,380,BNP PARIBAS SECURITIES SERVICES, SPAIN,MADRID,(MADRID)
PARBESX1060,381,BNP PARIBAS SECURITIES SERVICES, SPAIN,MADRID,(MADRID)
PARBESX1061,382,BNP PARIBAS SECURITIES SERVICES, SPAIN,MADRID,(MADRID)
PARBESX1062,383,BNP PARIBAS SECURITIES SERVICES, SPAIN,MADRID,(MADRID)
PARBESX1063,384,BNP PARIBAS SECURITIES SERVICES, SPAIN,MADRID,(MADRID)
PARBESX1064,385,BNP PARIBAS SECURITIES SERVICES, SPAIN,MADRID,(MADRID)
PARBESX1065,386,BNP PARIBAS SECURITIES SERVICES, SPAIN,MADRID,(MADRID)
PARBESX1066,387,BNP PARIBAS SECURITIES SERVICES, SPAIN,MADRID,(MADRID)
PARBESX1067,388,BNP PARIBAS SECURITIES SERVICES, SPAIN,MADRID,(MADRID)
PARBESX1068,389,BNP PARIBAS SECURITIES SERVICES, SPAIN,MADRID,(MADRID)
PARBESX1069,390,BNP PARIBAS SECURITIES SERVICES, SPAIN,MADRID,(MADRID)
PARBESX1070,391,BNP PARIBAS SECURITIES SERVICES, SPAIN,MADRID,(MADRID)
PARBESX1071,392,BNP PARIBAS SECURITIES SERVICES, SPAIN,MADRID,(MADRID)
PARBESX1072,393,BNP PARIBAS SECURITIES SERVICES, SPAIN,MADRID,(MADRID)
PARBESX1073,394,BNP PARIBAS SECURITIES SERVICES, SPAIN,MADRID,(MADRID)
PARBESX1074,395,BNP PARIBAS SECURITIES SERVICES, SPAIN,MADRID,(MADRID)
PARBESX1075,396,BNP PARIBAS SECURITIES SERVICES, SPAIN,MADRID,(MADRID)
PARBESX1076,397,BNP PARIBAS SECURITIES SERVICES, SPAIN,MADRID,(MADRID)
PARBESX1077,398,BNP PARIBAS SECURITIES SERVICES, SPAIN,MADRID,(MADRID)
PARBESX1078,399,BNP PARIBAS SECURITIES SERVICES, SPAIN,MADRID,(MADRID)
PARBESX1079,400,BNP PARIBAS SECURITIES SERVICES, SPAIN,MADRID,(MADRID)
PARBESX1080,401,BNP PARIBAS SECURITIES SERVICES, SPAIN,MADRID,(MADRID)
PARBESX1081,402,BNP PARIBAS SECURITIES SERVICES, SPAIN,MADRID,(MADRID)
PARBESX1082,403,BNP PARIBAS SECURITIES SERVICES, SPAIN,MADRID,(MADRID)
PARBESX1083,404,BNP PARIBAS SECURITIES SERVICES, SPAIN,MADRID,(MADRID)
PARBESX1084,405,BNP PARIBAS SECURITIES SERVICES, SPAIN,MADRID,(MADRID)
PARBESX1085,406,BNP PARIBAS SECURITIES SERVICES, SPAIN,MADRID,(MADRID)
PARBESX1086,407,BNP PARIBAS SECURITIES SERVICES, SPAIN,MADRID,(MADRID)
PARBESX1087,408,BNP PARIBAS SECURITIES SERVICES, SPAIN,MADRID,(MADRID)
PARBESX1088,409,BNP PARIBAS SECURITIES SERVICES, SPAIN,MADRID,(MADRID)
PARBESX1089,410,BNP PARIBAS SECURITIES SERVICES, SPAIN,MADRID,(MADRID)
PARBESX1090,411,BNP PARIBAS SECURITIES SERVICES, SPAIN,MADRID,(MADRID)
PARBESMH,412,BNP PARIBAS SECURITIES SERVICES, SPAIN,MADRID,None
PARBESMX,413,BNP PARIBAS SECURITIES SERVICES, SPAIN,MADRID,None
PARBESMXFDA,414,BNP PARIBAS SECURITIES SERVICES, SPAIN,MADRID,None
PARBESX1,415,BNP PARIBAS SECURITIES SERVICES, SPAIN,MADRID,None
XVALESV1,416,BOLSA DE VALENCIA,VALENCIA,None
BOUEESM1,417,BOURSORAMA SUCURSAL EN ESPANA,MADRID,None
BTMSESM1,418,BTM SECURITIES (SPAIN) S.A. S.V.B.,MADRID,None
BUIIESB1,419,BUCEFALIA INVERSIONES SICAV SA,BARCELONA,None
BZINES21,420,BZX INVESTMENTS LTD,LLORET DE MAR,None
CAPIESMMBKR,421,C.M. CAPITAL MARKETS BOLSA SOCIEDAD DE VALORES, S.A.,MADRID,(BROKERAGE SERVICES)
CAPIESMM,422,C.M. CAPITAL MARKETS BOLSA SOCIEDAD DE VALORES, S.A.,MADRID,None
CCRIES2A121,423,C.R. DE CHESTE SCC,CHESTE (VALENCIA),None
CCRIES2A157,424,C.R. LA JUNQUERA DE CHILCHES SCCV,CHILCHES,None
CCRIES2A095,425,C.R. SAN ROQUE DE ALMENARA SCCV,ALMENARA,None
CCRIES2A179,426,C.R.DE ALGINET SCCV,ALGINET,None
CCRIES2A152,427,C.R.DE VILLAR CCV,VILLAR DEL ARZOBISPO,None
CCRIES2A165,428,C.R.S. ISIDRO DE VILAFAMES SCCV,VILAFAMES,None
CCRIES2A119,429,C.R.S. JAIME ALQUERIAS NINO PERDIDO SCCV,ALQUERIAS,None
CCRIES2A112,430,C.R.S. JOSE DE BURRIANA SCCV,BURRIANA,None
CCRIES2A135,431,C.R.S. JOSE DE NULES,NULES,None
AGRIESMM,432,CA INDOSUEZ WEALTH (EUROPE), SUCURSAL EN ESPANA,MADRID,None
IXIUESM1,433,CACEIS BANK ESPANA, S.A.,MADRID,None
CAOLES21,434,CAI BOLSA S.V., S.A.,ZARAGOZA,None
CBSVESB1,435,CAIXA BARCELONA SEGUROS VIDA, S.A. SEGUROS Y REASEGUROS,BARCELONA,None
CDENESBBTES,436,CAIXA DE CREDIT DELS. ENGINYERS-CAJA DE CREDITO DE LOS INGENIEROS SOC. COOP. DE CREDITO,BARCELONA,(PRUEBAS TESORIA)
CDENESBB,437,CAIXA DE CREDIT DELS. ENGINYERS-CAJA DE CREDITO DE LOS INGENIEROS SOC. COOP. DE CREDITO,BARCELONA,None
CECAESMM081,438,CAIXA D'ESTALVIS DEL PENEDES,VILAFRANCA DEL PENEDES,(BARCELONA)
CGDIES21,439,CAIXA GERAL DE DEPOSITOS-SUCURSAL EN ESPANA,MADRID,None
CAXIES21,440,CAIXA GUISSONA,GUISSONA,None
BCOEESMM159,441,CAIXA POPULAR CAIXA RURAL,PATERNA,None
CCRIES2A105,442,CAIXA R. DE CALLOSA DE EN SARRIA CCV,CALLOSA DE ENSARRIA,None
CCRIES2A123,443,CAIXA R. DE TURIS, C.C.V,TURIS,None
CCRIES2A160,444,CAIXA R.S.JOSEP DE VILAVELLA SCCV,VILLAVIEJA,None
CCRIES2A186,445,CAIXA RURAL ALBALAT DELS SORELLS,ALBALAT DELS SORELLS,None
CCRIES2A045,446,CAIXA RURAL ALTEA CCV,ALTEA,None
CCRIES2A118,447,CAIXA RURAL DE TORRENT CCV,TORRENT,None
BCOEESMM070,448,CAIXA RURAL GALEGA,LUGO,None
BCOEESMM113,449,CAIXA RURAL L'ALCORA,ALCORA,None
CSNIESB1,450,CAIXABANK ASSET MANAGEMENT SGIIC S.A.U.,BARCELONA,None
CEODESB1,451,CAIXABANK ELECTRONIC MONEY EDE S.L.,BARCELONA,None
BARCESMM,452,CAIXABANK S.A. (FORMERLY BARCLAYS BANK S.A.U.),BARCELONA,None
CAIXESBB,453,CAIXABANK, S.A.,BARCELONA,(MAIN BRANCH)
CAIXESBBBME,454,CAIXABANK, S.A.,BARCELONA,(OOFF THROUGH BME)
CAIXESBBOSN,455,CAIXABANK, S.A.,BARCELONA,(SYNDICATED OPERATIONS)
CAIXESBBEAG,456,CAIXABANK, S.A.,BARCELONA,None
CAIXESBB609,457,CAIXABANK, S.A.,BILBAO,None
CAIXESBB655,458,CAIXABANK, S.A.,GERONA (GIRONA),None
CAIXESBB521,459,CAIXABANK, S.A.,LAS PALMAS DE GRAN CANARIA,None
CAIXESBB654,460,CAIXABANK, S.A.,LERIDA (LLEIDA),None
CAIXESBBMAD,461,CAIXABANK, S.A.,MADRID,(MADRID TERRITORIAL)
CAIXESBB652,462,CAIXABANK, S.A.,PALMA DE MALLORCA,None
CAIXESBB523,463,CAIXABANK, S.A.,SANTA CRUZ DE TENERIFE,None
CAIXESBB661,464,CAIXABANK, S.A.,SEVILLA,None
CAIXESBBTAR,465,CAIXABANK, S.A.,TARRAGONA,None
CAIXESBB666,466,CAIXABANK, S.A.,VALENCIA,None
CAIXESBB528,467,CAIXABANK, S.A.,ZARAGOZA,None
CECAESMM056,468,CAJA DE AHORROS DE POLLENSA,POLLENSA,(BALEARES)
CECAESMM066,469,CAJA DE AHORROS DE SANTANDER Y CANTABRIA,SANTANDER,None
CECAESMM099,470,CAJA DE AHORROS Y MONTE DE PIEDAD DE EXTREMADURA,CACERES,None
CECAESMM045,471,CAJA DE AHORROS Y MONTE DE PIEDAD DE ONTINYENT,ONTINYENT,(VALENCIA)
CASDESBB,472,CAJA DE ARQUITECTOS S.COOP.DE CREDITO,BARCELONA,None
CCRIES2A029,473,CAJA DE CREDITO DE PETREL,C.R.,CCV,PETREL,None
BCOEESMM127,474,CAJA RURAL CASAS IBANEZ SDAD. COOP.,CASAS IBANEZ,None
CCRIES2A110,475,CAJA RURAL CATOLICO AGRARIA,VILLARREAL,None
BCOEESMM005,476,CAJA RURAL CENTRAL, S.C.C.,ORIHUELA,None
BCOEESMM150,477,CAJA RURAL DE ALBAL, COOP. DE CREDITO V.,ALBAL,None
BCOEESMM117,478,CAJA RURAL DE ALGEMESI,VALENCIA,None
BCOEESMM001,479,CAJA RURAL DE ALMENDRALEJO,ALMENDRALEJO,None
BCOEESMM191,480,CAJA RURAL DE ARAGON, SOCIEDAD COOPERATIVA DE CREDITO,ZARAGOZA,None
BCOEESMM059,481,CAJA RURAL DE ASTURIAS,OVIEDO,None
BCOEESMM162,482,CAJA RURAL DE BENICARLO,BENICARLO,None
BCOEESMM060,483,CAJA RURAL DE BURGOS, FUENTEPELAYO, SEGOVIA Y CASTELLDANS, S.C.C,BURGOS,None
BCOEESMM081,484,CAJA RURAL DE CASTILLA LA MANCHA, S.C.C.,TOLEDO,None
BCOEESMM009,485,CAJA RURAL DE EXTREMADURA,BADAJOZ,None
BCOEESMM007,486,CAJA RURAL DE GIJON,GIJON,None
BCOEESMM023,487,CAJA RURAL DE GRANADA,GRANADA,None
BCOEESMM140,488,CAJA RURAL DE GUISSONA SOCIEDAD COOPERATIVA DE CREDITO,GUISSONA,None
BCOEESMM067,489,CAJA RURAL DE JAEN,JAEN,None
BCOEESMM096,490,CAJA RURAL DE L'ALCUDIA,VALENCIA,None
BCOEESMM008,491,CAJA RURAL DE NAVARRA,PAMPLONA,None
BCOEESMM016,492,CAJA RURAL DE SALAMANCA,SALAMANCA,None
BCOEESMM018,493,CAJA RURAL DE SAN AGUSTIN DE FUENTE ALAMO,FUENTE ALAMO,(CAJA RURAL DE SAN AGUSTIN DE FUENTE ALAMO)
CCRIES2A102,494,CAJA RURAL DE SAN VICENTE VALL D'UXO,VALL D'UXO,None
BCOEESMM017,495,CAJA RURAL DE SORIA,SORIA,None
BCOEESMM080,496,CAJA RURAL DE TERUEL,TERUEL,None
BCOEESMM020,497,CAJA RURAL DE UTRERA,SEVILLA,None
BCOEESMM144,498,CAJA RURAL DE VILLAMALEA,ALBACETE,None
BCOEESMM085,499,CAJA RURAL DE ZAMORA,ZAMORA,None
BCOEESMM187,500,CAJA RURAL DEL SUR,SDAD.COOP.CTO (FORMERLY CAJA RURAL DE HUELVA Y SEVILLA),SEVILLA,None
BCOEESMM115,501,CAJA RURAL NESTRA MADRE DEL SOL,ADAMUZ,None
BCOEESMM098,502,CAJA RURAL NTRA SRA DEL ROSARIO,NUEVA CARTEYA (CORDOBA),None
BCOEESMM134,503,CAJA RURAL NTRA. SENORA DE LA ESPERANZA,ONDA,None
BCOEESMM089,504,CAJA RURAL NTRA. SRA. DE GUADALUPE, SDAD. COOP. CDTO.,BAENA (CORDOBA),None
BCOEESMM104,505,CAJA RURAL NTRA. SRA. DEL CAMPO,CANETE TORRES (CORDOBA),None
BCOEESMM166,506,CAJA RURAL SAN ISIDRO DE LES COVES DE VINROMA, S. COOP. DE CREDITO V.,LES COVES DE VINROMA,None
BCOEESMM111,507,CAJA RURAL SAN ISIDRO VALL D'UXO,VALL D'UXO,None
BCOEESMM130,508,CAJA RURAL SAN JOSE DE ALMASSORA,CASTELLON,None
BCOEESMM174,509,CAJA RURAL VINAROS S.C.C.V.,VINAROS,None
BCOEESMM076,510,CAJA SIETE, CAJA RURAL, SCC,SANTA CRUZ DE TENERIFE,None
CCRIES2A,511,CAJAMAR CAJA RURAL, SOCIEDAD COOPERATIVA DE CREDITO,ALMERIA,None
CSURES2C,512,CAJASUR BANCO, S.A.,CORDOBA,None
CAWCES21,513,CAMION WORLD COMERCIAL SL,OLOT,None
CAHEES21,514,CANDY HOOVER ELECTRODOMESTICOS S.A.,BERGARA,None
CANEESM1,515,CARNEGIE ESPANA,MADRID,None
PISTESM1,516,CASSE DI RISPARMIO DI FIRENZE E PISTOIA E PESCIA,MADRID,None
CECAES21,517,CECABANK S.A. (VALORES),MADRID,None
CECAESMM,518,CECABANK, S.A.,MADRID,None
CECAESMMPTG,519,CECABANK, S.A.,MADRID,None
CSFAESM1,520,CELERIS SERVICIOS FINANCIEROS, S.A. E.F.C.,MADRID,None
CEMOESBB,521,CEMENTOS MOLINS SA,BARCELONA,None
CEHBESM1,522,CENTRAL HISPANO DE BOLSA S.V.B., S.A.,MADRID,None
CHPUESBB,523,CHECKPOINT SYSTEMS ESPAA SLU,TERRASSA,None
CHAGESM1,524,CHEMICAL ASSET MANAGEMENT,MADRID,None
PCBCESBB,525,CHINA CONSTRUCTION BANK (EUROPE) S.A. SUCURSAL EN ESPANA,BARCELONA,None
CIDDESM1,526,CIMD, S.V.,MADRID,None
CITIES2X,527,CITIBANK ESPANA S.A.,MADRID,None
CITIESMXSEC,528,CITIBANK EUROPE PLC SPAIN BRANCH,MADRID,(RESTRICTED USE CITIBANK MADRID TARGET 2)
CITIESMX,529,CITIBANK EUROPE PLC SPAIN BRANCH,MADRID,None
CITIESB1,530,CITIBANK N.A.,BARCELONA,None
SVSRESM1,531,CNP VIDA DE SEGUROS Y REASEGUROS, S.A.,MADRID,None
URLAESMM,532,COEMAC, S.A.,MADRID,None
COVSESB1,533,COFITUR INVERSIONES SICAV SA,BARCELONA,None
COBAESMXBAR,534,COMMERZBANK AG,BARCELONA,None
COBAESMXTMA,535,COMMERZBANK AG,MADRID,(ADMINISTRATION)
COBAESMX,536,COMMERZBANK AG,MADRID,None
CDILESMM,537,COMPANIA DE DISTRIBUCION INTEGRAL LOGISTA,S.A.U,MADRID,None
IBCEESMM,538,COMPANIA OPERADORA DE CORTO Y MEDIO RADIO IBERIA EXPRESS, S.A.U.,MADRID,None
CMEMESBB,539,COMSA CORPORACION,BARCELONA,None
GCANES21,540,COMUNIDAD AUTONOMA DE CANARIAS,LAS PALMAS DE GRAN CANARIA,None
JCYLES21,541,COMUNIDAD AUTONOMA DE CASTILLA Y LEON,VALLADOLID,None
CAMUES21,542,COMUNIDAD AUTONOMA DE LA REGION DE MURCIA,MURCIA,None
CBALES21,543,COMUNIDAD AUTONOMA DE LAS ISLAS BALEARES,PALMA DE MALLORCA,None
CMADESM1,544,COMUNIDAD DE MADRID,MADRID,None
CDCSESM1,545,CONSORCIO DE COMPENSACION DE SEGUROS,MADRID,None
GALAES21,546,CONSULNOR SERVICIOS FINANCIEROS, SOCIEDAD DE VALORES S.A.U.,BILBAO,None
CRFDESM1,547,CORPORACION FINANCIERA DENIA S.A.,MADRID,None
CIMDESM1,548,CORRETAJE E INFORMACION MONETARIA Y DE DIVISAS, SA,MADRID,None
CCSEESM1,549,CORTAL CONSORS SUCURSAL EN ESPANA,MADRID,None
CTFLESMM,550,CORTEFIEL S.A.,MADRID,None
AGRIESB1,551,CREDIT AGRICOLE (CRCAM SUD MEDITERRANEE - ARIEGE - PYRENEES ORIENTALES S.E.),BARCELONA,None
BSUIESMM,552,CREDIT AGRICOLE CIB,MADRID,None
CAICESM1,553,CREDIT AGRICOLE INDOSUEZ CHEUVREUX ESPANA, SA SV,MADRID,None
CRESESMM,554,CREDIT SUISSE AG, SUCURSAL EN ESPANA,MADRID,None
CSGGESM1,555,CREDIT SUISSE GESTION SGIIC SA,MADRID,None
CSROESM1,556,CREDIT SUISSE SECURITIES S.V. S.A.,MADRID,None
CTIXESMM,557,CTI TECNOLOGIA Y GESTION, S.A.,MADRID,None
CSMGESM1,558,CYGNUS ASSET MANAGEMENT SGIIC, S.A.,MADRID,None
SCURESM1,559,D.B. SECURITIES, S.A., S.V.B.,MADRID,None
DKBBESM1,560,DAI-ICHI KANGYO BANK,LTD,THE,MADRID,None
DAVNES2A,561,DAVIGEL ESPANA S.A.,SANT JUST DESVERN,None
LLISESM1,562,DE LAGE LANDEN INTERNATIONAL B.V.,MADRID,None
DPFAESM1,563,DEPFA-BANK EUROPE, PLC,MADRID,None
DEUTESM1,564,DEUTSCHE BANK AG,MADRID,None
DBSCESMM,565,DEUTSCHE BANK AG SPANISH BRANCH,MADRID,None
DECRESM1,566,DEUTSCHE BANK CREDIT S.A.,MADRID,None
DEGEESM1,567,DEUTSCHE BANK GESTION,MADRID,None
DEUTESBBASS,568,DEUTSCHE BANK SOCIEDAD ANONIMA ESPANOLA,BARCELONA,(BCN-BRANCH)
DEUTESBB,569,DEUTSCHE BANK SOCIEDAD ANONIMA ESPANOLA,BARCELONA,None
DEUTESBB030,570,DEUTSCHE BANK SOCIEDAD ANONIMA ESPANOLA,MADRID,None
DPBBESM1,571,DEUTSCHE PFANDBRIEFBANK AG BRANCH MADRID,MADRID,None
DSBLESMM,572,DEXIA CREDIT LOCAL S.A. SUCURSAL EN ESPANA (FORMERLY DEXIA SABADELL BANCO LOCAL S.A.),MADRID,None
ARGCES21,573,DIPUTACION GENERAL DE ARAGON,ZARAGOZA,None
COAVESB1,574,DL CORPORATION AGENCIA DE VALORES S A,BARCELONA,None
DCISESB1,575,DON CURRO INVERSIONES SICAV SA,BARCELONA,None
DUFEES21,576,DURO FELGUERA, S.A.,GIJON,None
DWISESM1,577,DWS INVESTMENTS SGIIC,MADRID,None
DYGIESMM,578,DYNASOL GESTION SL,MADRID,None
PROAESMM,579,EBN BANCO DE NEGOCIOS,S.A.(EBN BANCO),MADRID,None
PROAESMMORO,580,EBN BANCO DE NEGOCIOS,S.A.(EBN BANCO),MADRID,None
EBURESM1,581,EBURY PARTNERS UK LIMITED,MADRID,None
FGDCESM1,582,EL FONDO DE GARANTIA DE DEPOSITOS EN CAJAS DE AHORRO,MADRID,None
ETSVESM1,583,ELECTRONIC TRADING SYSTEM VALORES, S.V., S.A.,MADRID,None
ENAAESMM,584,ENAGAS,MADRID,None
ENDEESMM,585,ENEL IBEROAMERICA, SRL,MADRID,None
ESCCESM1,586,ESPACLEAR, SISTEMAS DE COMPENSACION DE ACTIVOS FINANCIEROS SA/AV,MADRID,None
ESBFESM1,587,ESPIRITO SANTO BANK OF FLORIDA,MADRID,None
EUABES21,588,EURO ATLANTIC BANCORP,ESTEPONA,None
EUMEESB1,589,EUROBANK DEL MEDITERRANEO S.A.,BARCELONA,None
EUDAESM1,590,EURODEAL A.V.B., S.A.,MADRID,None
EUASESM1,591,EUROFINANZAS, S.A., S.V.B.,MADRID,None
EUWTESBB,592,EURONA WIRELESS TELECOM,BARCELONA,None
EUPIESM1,593,EUROPEA POPULAR DE INVERSIONES S.V.B.,S.A.,MADRID,None
ECCMESM1,594,EUROPEAN CREDIT CAPITAL MARKETS LTD,MADRID,None
EUCEESM1,595,EUROPEAN CREDIT PLC,MADRID,None
EUSNES21,596,EUROPEAN UNION SATELLITE CENTRE,TORREJON DE ARDOZ,None
ESAFESM1,597,EUROSAFEI, SOCIEDAD DE VALORES Y BOLSA, S.A.,MADRID,None
ECIVES21,598,EVER CAPITAL INVESTMENTS S.V., S.A.,ALCOBENDAS,None
EVIRESMM,599,EVERIS SPAIN, S.L.U.,MADRID,None
EVOBESMMBAC,600,EVO BANCO S.A.,MADRID,(BACK OFFICE)
EVOBESMMLCO,601,EVO BANCO S.A.,MADRID,(PAYMENT SYSTEMS DEPT.)
EVOBESMM,602,EVO BANCO S.A.,MADRID,None
FGIBESM1,603,F G INVERSIONES BURSATILES SA,MADRID,None
FCEFESM1,604,FCE BANK PLC,MADRID,None
FERRESM1,605,FERROVIAL S.A.,MADRID,None
FBBEESB1,606,FIBANC EXCELLENT FI,BARCELONA,None
FIDSESM1,607,FIDENTIIS EQUITIES SOCIEDAD DE VALORES SA,MADRID,None
PHGPES22,608,FIESTA HOTELS AND RESORTS SL,IBIZA,None
FCGBESM1,609,FINANDENIA CREDIT AND GUARANTEE LTD,MADRID,None
CMPRES2M,610,FINCAMPER SLU,INCA,None
FIOVES21,611,FINECO SOCIEDAD DE VALORES S.A.,BILBAO,None
FRIPESB1,612,FITCH RATINGS ESPANA. S.A.U.,BARCELONA,None
FDRAESBB,613,FLUIDRA, S.A.,SABADELL,None
FCOTESB1,614,FOMENTO DE CONSTRUCCIONES Y CONTRATAS,BARCELONA,None
FOEGESM1,615,FONDITEL EGFP,MADRID,None
FGDEESM1,616,FONDO DE GARANTIA DE DEPOSITOS DE ENTIDADES DE CREDITO,MADRID,None
FRANESM1,617,FRANFINANCE, SUCURSAL EN ESPANA,MADRID,None
FUJIESM1,618,FUJI BANK,LIMITED,THE,MADRID,None
GGVCESB1,619,G.V.C. GENERAL DE VALORES Y CAMBIOS , S.A., S.V.B.,BARCELONA,None
GAESESM1,620,GAESCO BOLSA SOCIEDAD DE VALORES Y BOLSA SA,BARCELONA,None
GAMCES2A,621,GAMESA CORPORACION TECNOLOGICA, S.A,ZAMUDIO,None
GANRESBB,622,GAS NATURAL SDG S.A.,BARCELONA,None
GEAVESM1,623,GEFONSA SA AGENCIA DE VALORES,MADRID,None
GGVCESM1,624,GENERAL DE VALORES Y CAMBIO, S.A., S.V.B.,MADRID,None
GVCBESBBAGE,625,GENERAL DE VALORES Y CAMBIOS S.V. S.A.,BARCELONA,(AS ENTIDAD AGENTE)
GVCBESBBETB,626,GENERAL DE VALORES Y CAMBIOS S.V. S.A.,BARCELONA,(ETB GVC GAESCO)
GVCBESBBEOC,627,GENERAL DE VALORES Y CAMBIOS S.V. S.A.,BARCELONA,(THIRD PARTY ACCOUNT EOC)
GVCBESBB,628,GENERAL DE VALORES Y CAMBIOS S.V. S.A.,BARCELONA,None
GEECESB1,629,GENERAL ELECTRIC CAPITAL BANK S.A,BARCELONA,None
GEHEESMM,630,GENERALI ESPANA HOLDING DE ENTIDADES DE SEGUROS,MADRID,None
CAVAESV1,631,GENERALITAT VALENCIANA,VALENCIA,None
GINVESM1,632,GESINCA INVERSIONES,MADRID,None
GESAESM1,633,GESMADRID S.A., S.G.I.I.C.,MADRID,None
GESGESM1,634,GESMOSA-GBI , A.V., S.A,MADRID,None
TEFGESMM,635,GESNEXT SPAIN, S.A.U,MADRID,None
GESMESM1,636,GESTEMAR SECURITIES S.V.B.,MADRID,None
GESNESM1,637,GESTINVEST INTERNACIONAL,MADRID,None
GEAMES21,638,GESTION DE ACTIVOS DEL MEDITERRANEO, SOCIEDAD DE ALORES S.A,ALICANTE,None
GEPMESM1,639,GESTION DE PATRIMONIOS MOBILIARIOS, S.A., AGENCIADE VALORES Y BOLSA,MADRID,None
BCOEESMM190,640,GLOBALCAJA, CAJA RURAL DE ALBACETE, CIUDAD REAL Y CUENCA, S.C.C.,ALBACETE,None
CTCAES21,641,GOBIERNO DE CANTABRIA,SANTANDER,None
CANAES21,642,GOBIERNO DE NAVARRA,PAMPLONA,None
GRLSESBB,643,GRIFOLS S.A.,BARCELONA,None
GIHSESB1,644,GRUPO INVERSOR HESPERIA, S.A.,BARCELONA,None
GPPIES2M,645,GRUPO PINERO (LEVANTUR),PALMA DE MALLORCA,None
TRCSESM1,646,GRUPO TURISTICO TRANSHOTEL S.L.,SAN SEBASTIAN DE REYES,None
GUVFESM1,647,GULF VALUE FINANCIAL S.L.,MADRID,None
ESSIESMMMAD,648,HAITONG BANK, SA SUCURSAL ESPANA,MADRID,(IBERCLEAR)
ESSIESMM,649,HAITONG BANK, SA SUCURSAL ESPANA,MADRID,None
HEBVESB1,650,HERMES BOLSA, AVB, S.A.,BARCELONA,None
HEESESM1,651,HEWLETT-PACKARD ESPANOLA S.L.,LAS ROZAS DE MADRID,None
GONVESMMGRI,652,HOLDING GONVARRI S.L.,MADRID,(GESTAMP RENOVABLES INDUSTRIES)
GONVESMM,653,HOLDING GONVARRI S.L.,MADRID,None
HBEDES2M,654,HOTELBEDS GROUP SLU,PALMA DE MALLORCA,None
MIDLESMMSDD,655,HSBC BANK PLC,MADRID,(SEPA DIRECT DEBITS)
MIDLESMM,656,HSBC BANK PLC,MADRID,None
MIDLESMX,657,HSBC BANK PLC,MADRID,None
HSIEESV1,658,HSBC INTERMEDIARIOS (ESPANA) A.V.,S.A.,VALENCIA,None
HSVBESM1,659,HSBC INVESTMENT BANK PLC,SUCURSAL EN ESPANA,MADRID,None
IBEOESM1,660,IBERAGENTES BOLSA S.A.,MADRID,None
CAZRES2Z,661,IBERCAJA BANCO S A,ZARAGOZA,(HEAD OFFICE)
IBDLES2B,662,IBERDROLA S.A.,BILBAO,None
IBLAESMM,663,IBERIA LINEAS AEREAS DE ESPANA S.A.,MADRID,None
IBEQESM1,664,IBERIAN EQUITIES A.V., S.A.,MADRID,None
STARES2M,665,IBEROSTAR HOTELES Y APARTAMENTOS, S.L.,PALMA DE MALLORCA,None
IBERESM1,666,IBERSECURITIES SOCIEDAD DE VALORES S.A.U.,MADRID,None
IBGMESM1,667,IBROKER GLOBAL MARKETS S.V., S.A.,MADRID,None
IFXGESM1,668,IFXBG LIMITED,MADRID,None
IMCAESMM,669,IMANTIA CAPITAL SGIIC SA,MADRID,None
IBSVESB1,670,INBARSAVE SICAV SA,BARCELONA,None
VALGESM1,671,INDOSUEZ CAPITAL SECURITIES ESPANA, S.A. S.V.B.,MADRID,None
ISSAESM1,672,INDRA SISTEMAS, S.A.,ALCOBENDAS,None
ICBKESMM,673,INDUSTRIAL AND COMMERCIAL BANK OF CHINA(EUROPE)S.A.,SUCURSAL EN ESPANA,MADRID,None
BBRUESMX,674,ING BANK NV, SPANISH BRANCH (COMMERCIAL BANKING),MADRID,None
INGDESMM,675,ING BANK NV,SPANISH BRANCH (DIRECT),LAS ROZAS DE MADRID,None
ICCRESB1,676,INMOB CALERA Y CHOZAS CART SICAV SA,BARCELONA,None
ICROESMM,677,INSTITUTO DE CREDITO OFICIAL,MADRID,None
IEVAESB1,678,INTERBROKERS ESPANOLA DE VALORES, AGENCIA DE VALORES, S.A.,BARCELONA,None
ICVAESM1,679,INTERCAIXA VALORES S.A., S.V.B.,MADRID,None
INTOESM1,680,INTERDIN BOLSA, SOCIEDAD DE VALORES, S.A.,MADRID,None
FSINESM1,681,INTERMEDIARIOS FINANCIEROS, S.A., A.V.B.,MADRID,None
IVALESMM,682,INTERMONEY VALORES S.V., S.A.,MADRID,None
IVALESMM999,683,INTERMONEY VALORES S.V., S.A.,MADRID,None
IAGLESMMIAG,684,INTERNATIONAL CONSOLIDATED AIRLINES GROUP, S.A.,MADRID,(PARENT GROUP)
IAGLESMM,685,INTERNATIONAL CONSOLIDATED AIRLINES GROUP, S.A.,MADRID,None
IAGLESMMBA1,686,INTERNATIONAL CONSOLIDATED AIRLINES GROUP, S.A.,MADRID,None
IAGLESMMIB1,687,INTERNATIONAL CONSOLIDATED AIRLINES GROUP, S.A.,MADRID,None
IAGLESMMVY1,688,INTERNATIONAL CONSOLIDATED AIRLINES GROUP, S.A.,MADRID,None
BCITESMM,689,INTESA SANPAOLO S.P.A. (FORMER SANPAOLO IMI), MADRID BRANCH, MADRID,MADRID,None
INBVESB1,690,INVERCAIXA VALORES S.V.B., S.A.,BARCELONA,None
INSGESM1,691,INVERSEGUROS SOCIEDAD DE VALORES, S.A.U.,MADRID,None
ORUNESMM,692,IPAGOO LLP, MADRID BRANCH,MADRID,None
IRRSES22,693,IRUS CENTER LAS ROZAS, S.L.U.,ALCOBENDAS,None
ISDIESBB,694,ISDIN SA,BARCELONA,None
ISOLESVV,695,ISSUER SOLUTIONS SL,VALENCIA,None
ASOCESM1,696,J.L. CONTRERAS Y ASOCIADOS, S.A., A.V.B.,MADRID,None
JPMSESM1,697,J.P. MORGAN SECURITIES LIMITED SUCURSAL EN ESPANA,MADRID,None
CHASESM1,698,J.P. MORGAN SECURITIES LIMITED-SUCURSAL EN ESPANA,MADRID,None
MBCMESM1,699,JB CAPITAL MARKETS SOCIEDAD DE VALORES, S.A.,MADRID,None
JGJMESM1,700,JOSE GREGORIO JUNCOS MARTINEZ,MADRID,None
JPMVESM1,701,JP MORGAN SOCIEDAD DE VALORES Y BOLSA S.A.,MADRID,None
CHASESM3KEY,702,JPMORGAN CHASE BANK, N.A.,MADRID,(TEST KEY AND BKE ADMINISTRATION)
CHASESM3,703,JPMORGAN CHASE BANK, N.A.,MADRID,None
JANDESS1,704,JUNTA DE ANDALUCIA,SEVILLA,None
JCMAES21,705,JUNTA DE COMUNIDADES DE CASTILLA-LA MANCHA,TOLEDO,None
JBBRESM1,706,KEPLER EQUITIES, SUCURSAL EN ESPANA,MADRID,None
BASKES2B,707,KUTXABANK, S.A.,BILBAO,None
KUTAES21,708,KUTXAGEST,SAN SEBASTIAN,None
CLPEES21083,709,LABORAL KUTXA (CAJA LABORAL POPULAR COOP.DE CREDITO),BILBAO,None
CLPEES21023,710,LABORAL KUTXA (CAJA LABORAL POPULAR COOP.DE CREDITO),EIBAR,None
CLPEES21121,711,LABORAL KUTXA (CAJA LABORAL POPULAR COOP.DE CREDITO),MADRID,None
CLPEES2M,712,LABORAL KUTXA (CAJA LABORAL POPULAR COOP.DE CREDITO),MONDRAGON,None
CLPEES21195,713,LABORAL KUTXA (CAJA LABORAL POPULAR COOP.DE CREDITO),PAMPLONA,None
CLPEES21060,714,LABORAL KUTXA (CAJA LABORAL POPULAR COOP.DE CREDITO),SAN SEBASTIAN,None
CLPEES21012,715,LABORAL KUTXA (CAJA LABORAL POPULAR COOP.DE CREDITO),VITORIA,None
ESTEESBB,716,LABORATORIOS DEL DR. ESTEVE, S.A.,BARCELONA,None
HIPRES22,717,LABORATORIOS HIPRA, S.A.,GERONA (GIRONA),None
SOLAESB1,718,LANDESBANK BADEN-WUERTTEMBERG,BARCELONA,None
HELAESM1,719,LANDESBANK HESSEN-THUERINGEN GIROZENTRALE,MADRID,None
LEMPESM1,720,LEGG MASON LTD. SPAIN,MADRID,None
CECAESMM048,721,LIBERBANK, S.A.,MADRID,None
LISEESMM,722,LINK SECURITIES SOCIEDAD DE VALORES S.A.,MADRID,None
LISEESMMLNK,723,LINK SECURITIES SOCIEDAD DE VALORES S.A.,MADRID,None
LOCYESMMNDP,724,LOMBARD ODIER (EUROPE) SA SUCURSAL EN ESPANA,MADRID,(NDP DEPT)
LOCYESMM,725,LOMBARD ODIER (EUROPE) SA SUCURSAL EN ESPANA,MADRID,None
LOFPESB1,726,LONDON FORFAITING A PARIS, S.A.,BARCELONA,None
CADRESM1,727,M AND B CAPITAL ADVISERS, SOCIEDAD DE VALORES, S..,MADRID,None
EXCHESMM,728,MACCORP EXACT CHANGE, E.P., S.A.,MADRID,None
MISVESMB,729,MAPFRE INVERSION SOCIEDAD DE VALORES S.A.,MAJADAHONDA,None
MISVESMM,730,MAPFRE INVERSION SOCIEDAD DE VALORES S.A.,MAJADAHONDA,None
MAGAESM1,731,MARTINEZ GIL Y ASOCIADOS AGENCIA VALORES BOLSA SA,MADRID,None
MAXHESMM,732,MAXAMCORP HOLDING SL,MADRID,None
MXESESM1,733,MAXWELL E ESPINOSA A I, S.A.,MADRID,None
MEBUESM1,734,MEDIACION BURSATIL, S.V.B., S.A.,MADRID,None
MEPLESB1,735,MEDIFOND PLUS FI,BARCELONA,None
MESVESB1,736,MEDIGESTION 02 SICAV SA,BARCELONA,None
MEAUESB1,737,MEDIOLANIUM ALPHA PLUS-F.I.,BARCELONA,None
XMRVESM1,738,MEFF SOCIEDAD RECTORA DE PRODUCTOS FINANCIEROS DERIVADOS DE RENTA VARIABLE, S.A.,MADRID,None
MEFEESB1,739,MEFFCLEAR,BARCELONA,None
MGVAESM1,740,MERCADOS Y GESTION DE VALORES A.V.B. S.A.,MADRID,None
MERSESM1,741,MERCAGENTES S.A., SOCIEDAD DE VALORES,BILBAO,None
XMCEESB1,742,MERCATO CONTINUO ESPANOL,BARCELONA,None
MERRESM1,743,MERCAVALOR SOCIEDAD DE VALORES SA,MADRID,None
XBAVESB1,744,MERCHBOLSA AGENCIA DE VALORES, S.A,BARCELONA,None
MLCBESM1,745,MERRILL LYNCH CAPITAL MARKETS BANK LIMITED,MADRID,None
MLCEESMM,746,MERRILL LYNCH CAPITAL MARKETS ESPANA S.A., SVB,MADRID,None
MLCEESMMMEO,747,MERRILL LYNCH CAPITAL MARKETS ESPANA S.A., SVB,MADRID,None
MLIBESM1,748,MERRILL LYNCH INTERNATIONAL BANK LIMIITED,MADRID,None
VASVESM1,749,MG VALORES, S.A., S.V.B.,MADRID,None
MYPDES2B,750,MINERALES Y PRODUCTOS DERIVADOS S.A,BILBAO,None
MIRAESMM,751,MIRABAUD AND CIE (EUROPE) SA,SUCURSAL EN ESPANA,MADRID,None
VEFIESM1,752,MIRABAUD FINANZAS S.V., S.A.,MADRID,None
MIRSESM1,753,MIRABAUD SECURITIES HOLDINGS MADRID BRANCH,MADRID,None
IBJTESM1,754,MIZUHO CORPORATE BANK, LTD.,MADRID BRANCH,MADRID,None
MNTYESMM,755,MONTY GLOBAL PAYMENTS, S.A.U.,MADRID,None
MOODESM1,756,MOODY'S INVESTORS SERVICE ESPANA, S.A.,MADRID,None
MOIIESB1,757,MORCOTE INVERSIONES SICAV SA,BARCELONA,None
MSTAESM1,758,MORGAN STANLEY SV. SA.,MADRID,None
MSWMESM1,759,MORGAN STANLEY WEALTH MANAGEMENT, S.V., S.A.,MADRID,None
MUSGESM1,760,MUTUACTIVOS SGIIC,MADRID,None
NATXESMM,761,NATIXIS S.A., SUCURSAL EN ESPANA,MADRID,None
NEBUESM1,762,NEBURSA, S.A., S.V.B.,MADRID,None
NENVES22,763,NEINVER, S.A.,ALCOBENDAS,None
NFFSESM1,764,NEWCOURT FINANCE (FRANCE) S.N.C. SUCURSAL EN ESPANA,MADRID,None
NEWGESM1,765,NEWEDGE GROUP (MADRID BRANCH),MADRID,None
NEXNESB1,766,NEXUS ENERGIA S.A.,BARCELONA,None
NHSAESMM,767,NH HOTELES SA,MADRID,None
NIPGES21,768,NIBC PETERCAM GESTION,MADRID,None
NORLESB1BIO,769,NORBOLSA S.V.,S.A.,BILBAO,(NORBOLSA)
NORLES2B,770,NORBOLSA S.V.,S.A.,BILBAO,None
NISVESM1,771,NORDKAPP INVERSIONES SOCIEDAD DE VALORES S.A,VALENCIA,None
NPBSES21,772,NORWICH AND PETERBOROUGH BUILDING SOCIETY,SAN ROQUE,None
BESMESMM,773,NOVO BANCO, SA, SUCURSAL EN ESPANA,MADRID,None
MIKBESB1,774,NUEVO MICRO BANK, S.A.U.,BARCELONA,None
OLSIESB1,775,OLIVARDA SICAV SA,BARCELONA,None
OPENESMM,776,OPEN BANK SANTANDER CONSUMER S.A.,MADRID,None
OSMAESM1,777,OSUNA Y MARCO, S.A., A.V.B.,MADRID,None
PFSSESM1,778,P. F. S. SPAIN SL,MADRID,None
PAIVES21,779,PATRINVEST INVERSION S.I.C.A.V S.A,CASTELLON,None
PENTESM1,780,PENTOR A.V.B., S.A.,MADRID,None
PNBMESM1,781,PHILIPPINE NATIONAL BANK, S.A.,MADRID,None
PSCLES21,782,PHOENIX SOFT CORP LTD,VIGO,None
PICTESMM,783,PICTET AND CIE (EUROPE)S.A. SUCURSAL EN ESPANA,MADRID,None
PKBSES21,784,PKB PRIVATBANK AG,ALCOBENDAS,None
POGAES2C,785,PONTEGADEA INVERSIONES, S.L.,ARTEIXO A CORUNA,None
POPIESMM,786,POPULAR BANCA PRIVADA,MADRID,None
POPBESM1,787,POPULAR BOLSA, SOCIEDAD DE VALORES, S.A.,MADRID,None
PGPSESM1,788,POPULAR GESTION PRIVADA SGIIC,MADRID,None
PRCLES22,789,PORCELANOSA S.A.,CASTELLON DE LA PLANA,None
WELAESMMFUN,790,PORTIGON AG,MADRID,(FUNDING UNIT)
WELAESMM,791,PORTIGON AG,MADRID,None
PAPIESB1,792,PRIMER BANCO AHORRO Y PRESTAMO VIVIENDA FAMILIAR,S.A.,BARCELONA,None
GSEHESMM,793,PRINTEOS GROUP HOLDING, S.L.U.,ALCALA DE HENARES,None
PRVBESB1,794,PRIVAT BANK S.A.,BARCELONA,None
IHZUES21,795,PRIVATBANK IHAG ZUERICH AG,FUENGIROLA,None
PRDSES2M,796,PRODIGIOS INTERACTIVOS, S.A.,PALMA DE MALLORCA,None
PSGRESMM,797,PROSEGUR COMPANIA DE SEGURIDAD, S.A.,MADRID,None
PRLIES21,798,PROXIMA ALFA INVESTMENTS,MADRID,None
PUIGESBB,799,PUIG, S.L.,BARCELONA,None
PUNOESBB,800,PUNTO FA S.L.,PALAU DE PLEGAMANS,None
PRABESMM,801,RABOBANK MADRID,MADRID,None
RCINESM1,802,RCI SPAIN,MADRID,None
RCSIESB1,803,RCSCCH 1604 SICAV SA,BARCELONA,None
RDXSESMM,804,REDEXIS GAS S.A.,MADRID,None
RNDEES21,805,REGISTRO NACIONAL DE DERECHOS DA EMISSION DE GEI-RENADE,LA CORUNA (A CORUNA),None
RENBESMM,806,RENTA 4 BANCO, S.A.,MADRID,None
RENBESMMAGE,807,RENTA 4 BANCO, S.A.,MADRID,None
RENBESMMBME,808,RENTA 4 BANCO, S.A.,MADRID,None
RENBESMMRVN,809,RENTA 4 BANCO, S.A.,MADRID,None
RENTESMM,810,RENTA 4 SOCIEDAD DE VALORES, S.A.,MADRID,None
RENTESMMBME,811,RENTA 4 SOCIEDAD DE VALORES, S.A.,MADRID,None
RMSVESM1,812,RENTA MARKETS SV,SA,MADRID,None
RTCAESB1,813,RENTCAIXA, S.A DE SEGUROS Y REASEGUROS,BARCELONA,None
REPYESMM,814,REPSOL, S.A.,MADRID,None
RIUHES2M,815,RIUSA II S.A.,PALMA DE MALLORCA,None
RIGIESB1,816,RIVA Y GARCIA - 1877, SOCIEDAD DE VALORES, S.A.,BARCELONA,None
GROCESBB,817,ROCA SANITARIO, S. A.,BARCELONA,None
ROYCESM1,818,ROYAL BANK OF CANADA,MADRID,None
BCOEESMM138,819,RURALNOSTRA, S. COOP. DE CREDITO V.,BETXI,None
LUXEES21,820,S.E. BANKEN LUXEMBOURG S.A.,SAN PEDRO DE ALCANTARA,None
STUUES22,821,S.TOUS S.L,MANRESA,None
SINFESBB,822,SABA INFRAESTRUCTURAS, S. A.,BARCELONA,None
SECTESM1470,823,SAMSUNG ELECTRONICA ESPANOLA,MADRID,(SESA)
SECTESM1,824,SAMSUNG ELECTRONICA ESPANOLA,MADRID,None
SAMXESMM,825,SANTANDER ASSET MANAGEMENT, S.A.,BOADILLA DEL MONTE,None
SAMXESMB,826,SANTANDER ASSET MANAGEMENT, S.A. CIUDAD GRUPO SANTANDER,MADRID,None
BSSSES31,827,SANTANDER BANCO EMISIONES,BOADILLA DEL MONTE,None
BSSSES21,828,SANTANDER BANCO EMISIONES.TERCEROS OPENBANK,BOADILLA DEL MONTE,None
SBFCESMM,829,SANTANDER BRASIL E.F.C. S.A.,BOADILLA DEL MONTE,None
SCFBESMM,830,SANTANDER CONSUMER FINANCE, S.A.,MADRID,None
SCHLESM1,831,SANTANDER INVESTMENT BOLSA, S.V., S.A.,MADRID,None
SABNESMMSSS,832,SANTANDER INVESTMENT SERVICES S.A.,BOADILLA DEL MONTE,(SANTANDER SECURITIES SERVICES)
SABNESMM,833,SANTANDER INVESTMENT SERVICES S.A.,BOADILLA DEL MONTE,None
SPVGESMM,834,SANTANDER PRIVATE BANKING GESTION,S.A., S.G.I.I.C.,MADRID,None
BSSSESM2,835,SANTANDER SECURITIES SERVICES, S.A.,BOADILLA DEL MONTE,None
SCSUESM1,836,SCHRODER SECURITIES SV SA,MADRID,None
SBAOESB1,837,SEBROKER BOLSA AGENCIA DE VALORES, S A,BARCELONA,None
SSAEESB1,838,SEGURCAIXA SOCIEDAD ANONIMA DE SEGUROS Y REASEGUROS,BARCELONA,None
SELFESMM,839,SELF TRADE BANK,MADRID,None
CAMMES21,840,SERVICIO DE PAGOS INTERBANCARIOS,S.A.,MADRID,None
SGSEESM1,841,SG SECURITIES MADRID S.V.B., S.A.,MADRID,None
SIAGESM1,842,SIAGA S.V.B., S.A.,MADRID,None
SIADESM1,843,SINERGIA ADVISORS 2006, A.V. S.A.,MADRID,None
IBRCESMMBME,844,SOCIEDAD DE GESTION DE LOS SISTEMAS DE REGISTRO, COMPENSACION Y LIQUIDACION DE VALORES, S.A. (IBERCLEAR),MADRID,(AGENTE DE PAGOS DE IBERCLEAR)
IBRCESMMASI,845,SOCIEDAD DE GESTION DE LOS SISTEMAS DE REGISTRO, COMPENSACION Y LIQUIDACION DE VALORES, S.A. (IBERCLEAR),MADRID,(ANCILLARY SYSTEM)
IBRCESMMGOB,846,SOCIEDAD DE GESTION DE LOS SISTEMAS DE REGISTRO, COMPENSACION Y LIQUIDACION DE VALORES, S.A. (IBERCLEAR),MADRID,(COMUNICACION PLATAFORMA)
IBRCESMMGAR,847,SOCIEDAD DE GESTION DE LOS SISTEMAS DE REGISTRO, COMPENSACION Y LIQUIDACION DE VALORES, S.A. (IBERCLEAR),MADRID,(IBERCLEAR - MULTILATERAL GUARANTY ACCOUNT)
IBRCESMMMIG,848,SOCIEDAD DE GESTION DE LOS SISTEMAS DE REGISTRO, COMPENSACION Y LIQUIDACION DE VALORES, S.A. (IBERCLEAR),MADRID,(MIGRATION TO T2S)
IBRCESMMGTE,849,SOCIEDAD DE GESTION DE LOS SISTEMAS DE REGISTRO, COMPENSACION Y LIQUIDACION DE VALORES, S.A. (IBERCLEAR),MADRID,(OPERACIONES DE GESTION DE TESORERIA)
IBRCESMMSNF,850,SOCIEDAD DE GESTION DE LOS SISTEMAS DE REGISTRO, COMPENSACION Y LIQUIDACION DE VALORES, S.A. (IBERCLEAR),MADRID,(SENAF)
IBRCESMMSD1,851,SOCIEDAD DE GESTION DE LOS SISTEMAS DE REGISTRO, COMPENSACION Y LIQUIDACION DE VALORES, S.A. (IBERCLEAR),MADRID,(SMART: AIAF-SEND)
IBRCESMMAF1,852,SOCIEDAD DE GESTION DE LOS SISTEMAS DE REGISTRO, COMPENSACION Y LIQUIDACION DE VALORES, S.A. (IBERCLEAR),MADRID,(SMART: MARF)
IBRCESMMRF2,853,SOCIEDAD DE GESTION DE LOS SISTEMAS DE REGISTRO, COMPENSACION Y LIQUIDACION DE VALORES, S.A. (IBERCLEAR),MADRID,(SMART: RENTA FIJA BOLSA BARCELONA)
IBRCESMMRF3,854,SOCIEDAD DE GESTION DE LOS SISTEMAS DE REGISTRO, COMPENSACION Y LIQUIDACION DE VALORES, S.A. (IBERCLEAR),MADRID,(SMART: RENTA FIJA BOLSA BILBAO)
IBRCESMMRF1,855,SOCIEDAD DE GESTION DE LOS SISTEMAS DE REGISTRO, COMPENSACION Y LIQUIDACION DE VALORES, S.A. (IBERCLEAR),MADRID,(SMART: RENTA FIJA BOLSA MADRID)
IBRCESMMRF4,856,SOCIEDAD DE GESTION DE LOS SISTEMAS DE REGISTRO, COMPENSACION Y LIQUIDACION DE VALORES, S.A. (IBERCLEAR),MADRID,(SMART: RENTA FIJA BOLSA VALENCIA)
IBRCESM1AS2,857,SOCIEDAD DE GESTION DE LOS SISTEMAS DE REGISTRO, COMPENSACION Y LIQUIDACION DE VALORES, S.A. (IBERCLEAR),MADRID,None
IBRCESMM,858,SOCIEDAD DE GESTION DE LOS SISTEMAS DE REGISTRO, COMPENSACION Y LIQUIDACION DE VALORES, S.A. (IBERCLEAR),MADRID,None
IBRCESMMAS1,859,SOCIEDAD DE GESTION DE LOS SISTEMAS DE REGISTRO, COMPENSACION Y LIQUIDACION DE VALORES, S.A. (IBERCLEAR),MADRID,None
IBRCESMMCDE,860,SOCIEDAD DE GESTION DE LOS SISTEMAS DE REGISTRO, COMPENSACION Y LIQUIDACION DE VALORES, S.A. (IBERCLEAR),MADRID,None
IBRCESMMEF1,861,SOCIEDAD DE GESTION DE LOS SISTEMAS DE REGISTRO, COMPENSACION Y LIQUIDACION DE VALORES, S.A. (IBERCLEAR),MADRID,None
IBRCESMMEF2,862,SOCIEDAD DE GESTION DE LOS SISTEMAS DE REGISTRO, COMPENSACION Y LIQUIDACION DE VALORES, S.A. (IBERCLEAR),MADRID,None
IBRCESMMEN1,863,SOCIEDAD DE GESTION DE LOS SISTEMAS DE REGISTRO, COMPENSACION Y LIQUIDACION DE VALORES, S.A. (IBERCLEAR),MADRID,None
IBRCESMMEN2,864,SOCIEDAD DE GESTION DE LOS SISTEMAS DE REGISTRO, COMPENSACION Y LIQUIDACION DE VALORES, S.A. (IBERCLEAR),MADRID,None
IBRCESMMINV,865,SOCIEDAD DE GESTION DE LOS SISTEMAS DE REGISTRO, COMPENSACION Y LIQUIDACION DE VALORES, S.A. (IBERCLEAR),MADRID,None
IBRCESMMISS,866,SOCIEDAD DE GESTION DE LOS SISTEMAS DE REGISTRO, COMPENSACION Y LIQUIDACION DE VALORES, S.A. (IBERCLEAR),MADRID,None
IBRCESMMMVL,867,SOCIEDAD DE GESTION DE LOS SISTEMAS DE REGISTRO, COMPENSACION Y LIQUIDACION DE VALORES, S.A. (IBERCLEAR),MADRID,None
IBRCESMMSCL,868,SOCIEDAD DE GESTION DE LOS SISTEMAS DE REGISTRO, COMPENSACION Y LIQUIDACION DE VALORES, S.A. (IBERCLEAR),MADRID,None
IPAYESMMGT1,869,SOCIEDAD ESPANOLA DE SISTEMAS DE PAGO, S.A.,MADRID,(GARANTIAS)
IPAYESMMAS1,870,SOCIEDAD ESPANOLA DE SISTEMAS DE PAGO, S.A.,MADRID,(SISTEMA VINCULADO)
IPAYESMM,871,SOCIEDAD ESPANOLA DE SISTEMAS DE PAGO, S.A.,MADRID,None
COYTESM1,872,SOCIEDAD ESTATAL CORREOS Y TELEGRAFOS, S.A.,MADRID,None
XBCNESBBSCL,873,SOCIEDAD RECTORA DE LA BOLSA DE VALORES DE BARCELONA S.A.,BARCELONA,(ANCIILARY SYSTEM)
XBCNESBBEC2,874,SOCIEDAD RECTORA DE LA BOLSA DE VALORES DE BARCELONA S.A.,BARCELONA,(EVENTOS CORPORATIVOS (FASE2))
XBCNESBBECO,875,SOCIEDAD RECTORA DE LA BOLSA DE VALORES DE BARCELONA S.A.,BARCELONA,(EVENTOS CORPORATIVOS)
XBCNESBBLRA,876,SOCIEDAD RECTORA DE LA BOLSA DE VALORES DE BARCELONA S.A.,BARCELONA,(LIBRO REGISTRO ACCIONISTAS)
XBCNESBBGAR,877,SOCIEDAD RECTORA DE LA BOLSA DE VALORES DE BARCELONA S.A.,BARCELONA,(SER. DE COMP. Y LIQ. BOLSA DE VALORES DE BARCELONA CUENTA GARANTIAS)
XBCNESBBSG2,878,SOCIEDAD RECTORA DE LA BOLSA DE VALORES DE BARCELONA S.A.,BARCELONA,(SISTEMAS DE GESTION (FASE2))
XBCNESBBSGX,879,SOCIEDAD RECTORA DE LA BOLSA DE VALORES DE BARCELONA S.A.,BARCELONA,(SISTEMAS DE GESTION)
XBCNESBB,880,SOCIEDAD RECTORA DE LA BOLSA DE VALORES DE BARCELONA S.A.,BARCELONA,None
XRBVES21SCL,881,SOCIEDAD RECTORA DE LA BOLSA DE VALORES DE BILBAO, S.A.,BILBAO,(ANCILLARY SYSTEM)
XRBVES21GAR,882,SOCIEDAD RECTORA DE LA BOLSA DE VALORES DE BILBAO, S.A.,BILBAO,(LIQUIDACION CUENTA GARANTIA)
XRBVES21,883,SOCIEDAD RECTORA DE LA BOLSA DE VALORES DE BILBAO, S.A.,BILBAO,None
XBILES21,884,SOCIEDAD RECTORA DE LA BOLSA DE VALORES DE BILBAOS.A.,BILBAO,None
SOFFESM1,885,SOCIETE FINANCIERE ET FONCIERE,MADRID,None
SGVLESM1,886,SOCIETE GENERALE VALORES,MADRID,None
SOGEESMMBAR,887,SOCIETE GENERALE, SUCURSAL EN ESPANA,BARCELONA,None
SOGEESMMAGM,888,SOCIETE GENERALE, SUCURSAL EN ESPANA,MADRID,(MARKET BRANCH)
SOGEESMMTRA,889,SOCIETE GENERALE, SUCURSAL EN ESPANA,MADRID,(SG MADRID TRADE SERVICES)
SOGEESMM,890,SOCIETE GENERALE, SUCURSAL EN ESPANA,MADRID,None
SOELES21,891,SOL MELIA, S.A.,PALMA DE MALLORCA,None
SOVVESB1,892,SOLVENTIS A.V., S.A.,BARCELONA,None
SCBLESM1,893,STANDARD CHARTERED BANK,MADRID,None
STNCESM1,894,STIFEL NICOLAUS LTD,MADRID,None
HANDES21,895,SVENSKA HANDELSBANKEN AB,MARBELLA,None
AGBBESBB,896,SYNECTIC, TECNOLOGIAS DE LA INFORMACION SA.,BARCELONA,None
CMCIESA1FIX,897,TARGOBANK,S.A.,MADRID,(FIXED INCOME)
CMCIESA1,898,TARGOBANK,S.A.,MADRID,None
CMCIESMM,899,TARGOBANK,S.A.U.,MADRID,None
TECRESMM,900,TECNICAS REUNIDAS,MADRID,None
TEFEESMM,901,TELEFONICA, S.A.,MADRID,None
TESSESM1,902,TESORERIA GENERAL DE LA SEGURIDAD SOCIAL,MADRID,None
TESOESM1SWP,903,TESORO PUBLICO TRASPASO DE DEPOSITOS,MADRID,(COLATERAL SWAPS)
TESOESM1,904,TESORO PUBLICO TRASPASO DE DEPOSITOS,MADRID,None
TPSGESMM,905,TESORO PUBLICO-SPAIN SPANISH GOVERNMENT GOBIERNO DE ESPANA,MADRID,None
GBFSESBB,906,THE GB FOODS, S.A.,BARCELONA,None
TSVBESM1,907,TOKYO SOCIEDAD DE VALORES Y BOLSA (ESPANA) S.A.,MADRID,None
TEESESM1,908,TRESSIS, SV, SA,MADRID,None
TRIOES21,909,TRIODOS BANK NV, SE,MADRID,None
TRIOESMM,910,TRIODOS BANK NV, SE,MADRID,None
UBIBESMM,911,UBI BANCA S.P.A. - SUCURSAL EN ESPANA,MADRID,None
UBSWESMMNPB,912,UBS EUROPE SE, SUCURSAL EN ESPANA,MADRID,(BRANCH)
UBSWESMM,913,UBS EUROPE SE, SUCURSAL EN ESPANA,MADRID,(SUCCURSAL EN ESPANA)
UBSSESM1,914,UBS SECURITIES ESPANA SOCIEDAD DE VALORES SA,MADRID,None
UCSSESM1,915,UCABAIL, S.E.,MADRID,None
UCJAES2MGAR,916,UNICAJA BANCO, S.A.,MADRID,(CTA GARANTIA)
UCJAES2M,917,UNICAJA BANCO, S.A.,MALAGA,None
UPSVES21,918,UNICORP PATRIMONIO, SOCIEDAD DE VALORES, S.A.,MALAGA,None
UNCRESMA,919,UNICREDIT SPA SUCURSAL EN ESPANA,MADRID,None
UCINESMM,920,UNION DE CREDITOS INMOBILIARIOS, S.A.,MADRID,None
UNFEESM1,921,UNION FENOSA SA,MADRID,None
UBAVESM1,922,URQUIJO BOLSA Y VALORES S.V.B., S.A,MADRID,None
URSNESMM,923,URSA INSULATION S.A.,MADRID,None
URSUESM1,924,URSUS-3CAPITAL A.V, S.A.,MADRID,None
USISESB1,925,USATEGI INVERSIONES SICAV SA,BARCELONA,None
VDCAESB1,926,VIDACAIXA, S.A DE SEGUROS Y REASEGUROS,BARCELONA,None
VOWAES21,927,VOLKSWAGEN BANK GMBH SPANISH BRANCH,ALCOBENDAS,None
VLNGESBB,928,VUELING AIRLINES S.A,BARCELONA,None
WAFAESM1,929,WAFABANK,MADRID,None
POPLESMM,930,WIZINK BANK S.A.,MADRID,None
TBESESM1,931,X-TRADE BROKERS DM S.A. SUCURSAL EN ESPANA,MADRID,None
CAGCES21,932,XUNTA DE GALICIA,SANTIAGO DE COMPOSTELA,None
ZURIESBB,933,ZURICH INSURANCE PLC. SUCURSAL EN ESPANA,BARCELONA,None
