swift_code,id,bank,city,branch
INDULT2X,1,AB CITADELE BANKAS,VILNIUS,None
FNSTLTL1,2,AB FMI FINASTA,VILNIUS,None
ABFCLT21,3,ABFC FINANCE,VILNIUS,None
AKKULT21,4,AKADEMINE KREDITO UNIJA,KAUNAS,None
BKOBLT21,5,AKCIN BENDROV VB BUSTO KREDIT IR OBLIGACIJ BANKAS,VILNIUS,None
ABLPLT21,6,AKCINE BENDROVE LIETUVOS PASTAS,VILNIUS,None
AMKRLT21,7,AMBERIO KREDITAS,GARGZDAI,None
APSLLT21,8,ANTIGRAVITY PAYMENT SYSTEMS, LLC,VILNIUS,None
MULTLT2X,9,AS MERIDIAN TRADE BANK LITHUANIAN BRANCH,VILNIUS,None
IBHBLT21,10,BALTIC INVESTMENT GROUP,VILNIUS,None
BIGKLT21,11,BIGBANK AS LITHUANIA BRANCH,VILNIUS,None
BIKNLT21,12,BIRZU KREDITO UNIJA,DRUSKININKAI,None
BNFNLT21,13,BNP FINANCE, AB,VILNIUS,None
CFLZLT21,14,CITADELE FAKTORINGAS IR LIZINGAS,VILNIUS,None
CFMALT21,15,CJSC FBC MRC MARKETS,VILNIUS,None
CNUALT21,16,'CONNECTPAY' UAB,VILNIUS,None
CRVULT21,17,CORPORATE SERVICES UAB,VILNIUS,None
CRHBLT21,18,CREDITSTAR LITHUANIA, UAB,VILNIUS,None
SMPOLT22,19,DANSKE BANK A/S,LITHUANIA BRANCH,VILNIUS,None
DISTLT21,20,DISKONTAS FINANSINIO MAKLERIO UAB,PANEVEZYS,None
EKCBLT21,21,EKSPRES COMMERCIAL BANK,VILNIUS,None
EMAULT21,22,ELEKTRONINIU MOKEJIMU AGENTURA UAB,VILNIUS,None
EVUFLT21,23,EVERNORD UAB FMI,VILNIUS,None
EVSELT21,24,EVLI BANK LTD,VILNIUS,None
DVINLT21,25,FINANCIAL BROKERAGE COMPANY DV INVEST LTD,VILNIUS,None
FIHHLT21,26,FINHILL,VILNIUS,None
SPRALT21,27,FM UAB SUPREMA,VILNIUS,None
BATKLT21,28,FMI UAB BALTIC STOCKHOLM SPARKASSA,KLAIPEDA,None
STEKLT21,29,G. STEPONKAUS KONTORA FMUAB,VILNIUS,None
GRFNLT21,30,GENERAL FINANCING,VILNIUS,None
GLPELT21,31,GLOCASH PAYMENT,VILNIUS,None
GSVKLT21,32,GYVENTOJU IR SMULKAUS VERSLO KREDITO UNIJA,KAUNAS,None
IBIULT21,33,IBS LITHUANIA,VILNIUS,None
IGKULT21,34,IGNALINOS KREDITO UNIJA,IGNALINA,None
AUJALT21,35,II AUJAMA-CREDIT,KAUNAS,None
INHULT21,36,INTERNATIONAL FINTECH UAB,VILNIUS,None
IVFILT21,37,INVL FINASTA,VILNIUS,None
IDLULT21,38,IPF DIGITAL LIETUVA, UAB,VILNIUS,None
JUKULT21,39,JURBARKO KREDITO UNIJA,TAURAGE,None
KPTLLT21,40,KAPITALO SRAUTAL UAB FM,VILNIUS,None
KEKULT21,41,KELMES KREDITO UNIJA,SIAULIAI,None
KRBALT21,42,KREDITO BANKAS,VILNIUS,None
KUAMLT21,43,KREDITO UNIJA AMBER,VILNIUS,None
KUPRLT21,44,KREDITO UNIJA PANEVEZIO REGIONO TAUPOMOJI KASA,PANEVEZYS,None
KUSRLT21,45,KREDITO UNIJA SOSTINES KREDITAS,VILNIUS,None
KUVKLT21,46,KREDITO UNIJA VILNIAUS KREDITAS,TRAKAI,None
KRUZLT21,47,KREDITO UNIJA ZANAVYKU BANKELIS,SAKIAI,None
LLUALT21,48,LATEKO LIZINGAS, UAB,VILNIUS,None
LIABLT2XMMS,49,LIETUVOS BANKAS (BANK OF LITHUANIA),VILNIUS,(BANKING SERVICE)
LIABLT2XSNO,50,LIETUVOS BANKAS (BANK OF LITHUANIA),VILNIUS,(INFORMATION SERVICE)
LIABLT2XMSD,51,LIETUVOS BANKAS (BANK OF LITHUANIA),VILNIUS,(PAYMENT SYSTEMS DEPARTMENT)
LIABLT2XCON,52,LIETUVOS BANKAS (BANK OF LITHUANIA),VILNIUS,(TARGET2 CONTINGENCY)
LIABLT2X,53,LIETUVOS BANKAS (BANK OF LITHUANIA),VILNIUS,None
LIABLT2XPAY,54,LIETUVOS BANKAS (BANK OF LITHUANIA),VILNIUS,None
CSDLLT22RTG,55,LIETUVOS CENTRINIS VERTYBINIU POPIERIU DEPOZITORIUMAS, AB (CENTRAL SECURITIES DEPOSITORY OF LITHUANIA),VILNIUS,(PM)
CSDLLT22,56,LIETUVOS CENTRINIS VERTYBINIU POPIERIU DEPOZITORIUMAS, AB (CENTRAL SECURITIES DEPOSITORY OF LITHUANIA),VILNIUS,None
CSDLLT22577,57,LIETUVOS CENTRINIS VERTYBINIU POPIERIU DEPOZITORIUMAS, AB (CENTRAL SECURITIES DEPOSITORY OF LITHUANIA),VILNIUS,None
LCKULT22,58,LITHUANIAN CENTRAL CREDIT UNION,KAUNAS,None
LTKULT21,59,LTL KREDITO UNIJA,VILNIUS,None
AGBLLT2XTGT,60,LUMINOR BANK AB (FORMER AB DNB BANKAS LITHUANIA),VILNIUS,(FOR MINIMUM RESERVES AT CENTRAL BANK)
AGBLLT2X,61,LUMINOR BANK AB (FORMER AB DNB BANKAS LITHUANIA),VILNIUS,None
NDEALT2X,62,LUMINOR BANK AB (FORMER NORDEA BANK AB LITHUANIA),VILNIUS,None
MAABLT21,63,MAJESTIC FINANCIAL UAB,VILNIUS,None
MBSULT21,64,METASITE BUSINESS SOLUTIONS, UAB,VILNIUS,None
MIEGLT21,65,MISTERTANGO,VILNIUS,None
MOKZLT21,66,MOKILIZINGAS,VILNIUS,None
MMCRLT21,67,MOMENT CREDIT,VILNIUS,None
MOIULT21,68,MONETA INTERNATIONAL UAB,VILNIUS,None
INBHLT21,69,MP INVESTMENT BANK HF,VILNIUS,None
XLITLT21,70,NASDAQ OMX VILNIUS AB,VILNIUS,None
NAUVLT21,71,NAUGVILDA FMI UAB,VILNIUS,None
OKOYLT2X,72,OP CORPORATE BANK PLC LITHUANIA BRANCH,VILNIUS,None
PAKULT21,73,PAREIGUNU KREDITO UNIJA,VILNIUS,None
EVIULT21,74,PAYSERA LT UAB,VILNIUS,None
PEPGLT21,75,PERLO PASLAUGOS,VILNIUS,None
PRDFLT21,76,PROVIDENT FINANSAI,VILNIUS,None
RAKNLT21,77,RASEINIU KREDITO UNIJA,RASEINIAI,None
VRKULT21,78,RATO KREDITO UNIJA,VILNIUS,None
RNUALT21,79,RENTION UAB,VILNIUS,None
RETBLT21,80,REVOLUT TECHNOLOGIES UAB,VILNIUS,None
LIZGLT21,81,SB LIZINGAS,KAUNAS,None
CBVILT2X,82,SEB BANK,VILNIUS,None
SENULT21,83,SEB ENSKILDA UAB,VILNIUS,None
SESOLT21,84,SEVEN SEAS EUROPE,VILNIUS,None
SULLLT21,85,SIA UNICREDIT LEASING LIETUVOS FILIALAS,VILNIUS,None
CBSBLT26,86,SIAULIU BANKAS AB,SIAULIAI,None
SIKNLT21,87,SIAULIU KREDITO UNIJA,VILNIUS,None
SIKILT21,88,SILALES KREDITO UNIJA,SILUTE,None
SIKULT21,89,SINKUS FM UAB,VILNIUS,None
SORBLT21,90,SOHO GROUP, UAB,VILNIUS,None
SNCTLT21,91,STATE ENTERPRISE CENTRE OF REGISTERS,VILNIUS,None
SFNALT21,92,STOKKER FINANCE, UAB,KAUNAS,None
HANDLT2X,93,SVENSKA HANDELSBANKEN AB,VILNIUS,None
HABALT22,94,SWEDBANK AB,VILNIUS,None
ROBRLT21,95,SWEDBANK INVESTICIJU VALDYMAS UAB,VILNIUS,None
TRFBLT21,96,TRUSTCOM FINANCIAL UAB,VILNIUS,None
UAPYLT21,97,UAB ALTERNATIVE PAYMENTS,VILNIUS,None
UAAMLT21,98,UAB ARGENTUM MOBILE,VILNIUS,None
ARNPLT21,99,UAB ARN GROUP,KAUNAS,None
BKSULT21,100,UAB BALTIJOS KREDITO SPRENDIMAI,VILNIUS,None
BCFNLT21,101,UAB BC FINANCE,KAUNAS,None
BFSVLT21,102,UAB BENDRAS FINANSAVIMAS,VILNIUS,None
BLDRLT21,103,UAB BLENDER LITHUANIA,VILNIUS,None
CDSVLT21,104,UAB CREDIT SERVICE,VILNIUS,None
UADELT21,105,UAB DEVERE E-MONEY,VILNIUS,None
UAFILT21,106,UAB FERRATUM FINANCE,VILNIUS,None
FNBULT21,107,UAB FINANSU BITE,VILNIUS,None
UAFNLT21,108,UAB FINTEGENCE,VILNIUS,None
FNVTLT21,109,UAB FINVERTA,KAUNAS,None
BVPPLT21,110,UAB FM BALTIJOS VERTYBLNLAI POPLERLAI,VILNIUS,None
FNBTLT21,111,UAB FM FINBALTUS,VILNIUS,None
INLTLT21,112,UAB FM INTERNATIONAL MARKET,VILNIUS,None
TEVALT21,113,UAB FM TECHNOLOGIJU VALDYMO,KAUNAS,None
UAFFLT22,114,UAB FMI FINVESTA,VILNIUS,None
UABFLT21,115,UAB FMI JUS TARPININKAS,KAUNAS,None
SPEKLT21,116,UAB FMI SPEKONIS IR GASTONAS,VILNIUS,None
UFZPLT21,117,UAB FMI ZABOLIS IR PARTNERIAI,VILNIUS,None
GFSLLT21,118,UAB G4S LIETUVA,VILNIUS,None
UAGLLT21,119,UAB GLOBEBILL LITHUANIA,VILNIUS,None
HSTKLT21,120,UAB HST KOMUNIKACIJOS,KAUNAS,None
UAINLT21,121,UAB INSTAREM EU,VILNIUS,None
UIAMLT21,122,UAB INVL ASSET MANAGEMENT,VILNIUS,None
UAKALT21,123,UAB KATALOGAS,KAUNAS,None
UKUBLT21,124,UAB KUBIS,VILNIUS,None
LKDTLT21,125,UAB LITKREDITAS,VILNIUS,None
LSVILT21,126,UAB LSV INTERGROUP,KAUNAS,None
MDBALT22,127,UAB MEDICINOS BANKAS,VILNIUS,None
MNBNLT21,128,UAB MINIBANK,KLAIPEDA,None
UAMMLT21,129,UAB MOBILUS MOKEJIMAI,VILNIUS,None
MOGOLT21,130,UAB MOGO LT,VILNIUS,None
UAMALT21,131,UAB MYRIAD CAPITAL,VILNIUS,None
UANFLT21,132,UAB NEO FINANCE,VILNIUS,None
NFLBLT21,133,UAB NORDEA FINANCE LITHUANIA,VILNIUS,None
NODCLT21,134,UAB NORDECUM,VILNIUS,None
PKGRLT21,135,UAB PASKOLU GARANTAS,KLAIPEDA,None
UAPELT21,136,UAB PERVESK,SIAULIAI,None
UAPOLT21,137,UAB POLENERA,VILNIUS,None
PNGPLT21,138,UAB PRO INVEST GROUP,KAUNAS,None
UAPRLT21,139,UAB PROCENTAS,KAUNAS,None
UAPLLT21,140,UAB PYRROS LITHUANIA,VILNIUS,None
SGRULT21,141,UAB SIGIRE,KAUNAS,None
STKDLT21,142,UAB SOSTINES KREDITAI,VILNIUS,None
UASFLT21,143,UAB SUTELKTINIS FINANSAVIMAS,VILNIUS,None
UAZLLT21,144,UAB ZEROSUM LEASING,VILNIUS,None
VEPALT21,145,VERIFIED PAYMENTS,VILNIUS,None
VIPULT21,146,VIA PAYMENTS UAB,VILNIUS,None
VIKILT21,147,VILAVISKIO KREDITO UNIJA,VILKAVISKIS,None
VIKULT21,148,VILNIAUS KREDITO UNIJA,VILNIUS,None
VIVULT21,149,VIVUM FMI UAB,VILNIUS,None
UABULT21,150,WB21 UAB,VILNIUS,None
