swift_code,id,bank,city,branch
ABFMSGS1,1,ABERDEEN ASSET MANAGEMENT ASIA LIMITED,SINGAPORE,None
ABNASG2ACMB,2,ABN AMRO BANK N.V. SINGAPORE BRANCH,SINGAPORE,(COMMERCIAL AND MERCHANT BANKING)
ABNASG2AIPC,3,ABN AMRO BANK N.V. SINGAPORE BRANCH,SINGAPORE,(INTERNATIONAL PRIVATE CLIENTS DEPARTMENT)
ABNASG2A,4,ABN AMRO BANK N.V. SINGAPORE BRANCH,SINGAPORE,None
ABNCSGSG,5,ABN AMRO CLEARING BANK N.V.,SINGAPORE,None
FGCISGS1,6,ABN AMRO CLEARING BANK N.V., SINGAPORE BRANCH,SINGAPORE,None
ABOCSGSG,7,AGRICULTURAL BANK OF CHINA LIMITED, SINGAPORE BRANCH,SINGAPORE,None
AIACSGG1GIO,8,AIA SINGAPORE PRIVATE LIMITED,SINGAPORE,(GENERAL INVESTMENT OPERATIONS)
AIACSGSG,9,AIA SINGAPORE PRIVATE LIMITED,SINGAPORE,None
AWMPSGS1,10,AIA-WALDEN MANAGEMENT PTE LTD,SINGAPORE,None
WEPPSGS1,11,AL WEALTH PARTNERS PTE LTD,SINGAPORE,None
ALLFSGSG,12,ALLFUNDS SINGAPORE BRANCH,SINGAPORE,None
ALLSSGS1,13,ALLIANCE SECURITIES (PTE),SINGAPORE,None
AEIGSGS1,14,AMERICAN EXPRESS INTERNATIONAL INC (SINGAPORE BRANCH),SINGAPORE,None
FRSESGS1,15,AMFRASER SECURITIES PTE. LTD.,SINGAPORE,None
APSMSGS1,16,APS ASSET MANAGEMENT PTE LTD,SINGAPORE,None
ARABSGSG,17,ARAB BANK PLC,SINGAPORE,None
AFMPSGS1,18,ARTRADIS FUND MANAGEMENT PTE LTD,SINGAPORE,None
ASEPSGS1,19,ASC EQUITY PTE LTD,SINGAPORE,None
AAMBSGS1,20,ASIAN-AMERICAN MERCHANT BANK LTD.,SINGAPORE,None
ASGPSGS1,21,AT ASSET MANAGEMENT PTE. LTD.,SINGAPORE,None
ANZBSGSX,22,AUSTRALIA AND NEW ZEALAND BANKING GROUP LIMITED,SINGAPORE,None
ANZBSGSXAFX,23,AUSTRALIA AND NEW ZEALAND BANKING GROUP LIMITED,SINGAPORE,None
RAAISGS1,24,AXA ROSENBERG INVESTMENT MANAGEMENT ASIA PACIFIC LTD.,SINGAPORE,None
AXISSGSGIPB,25,AXIS BANK LIMITED,SINGAPORE,(INTERNATIONAL PRIVATE BANKING)
AXISSGSG,26,AXIS BANK LIMITED,SINGAPORE,None
UTIBSGS1,27,AXIS BANK LIMITED(FORMERLY UTI BANK),SINGAPORE,None
BBVASGSG,28,BANCO BILBAO VIZCAYA ARGENTARIA SINGAPORE BRANCH,SINGAPORE,None
BSCHSGSG,29,BANCO SANTANDER, S.A. SINGAPORE BRANCH,SINGAPORE,None
BKKBSGSG,30,BANGKOK BANK PUBLIC COMPANY LIMITED,SINGAPORE,None
SARASGSG,31,BANK J. SAFRA SARASIN LTD, SINGAPORE BRANCH,SINGAPORE,None
BAERSGSG,32,BANK JULIUS BAER AND CO. LTD.,SINGAPORE,None
BMRISGSG,33,BANK MANDIRI (PERSERO)TBK. PT,SINGAPORE,None
BNINSGSG,34,BANK NEGARA INDONESIA (PERSERO) P.T.,SINGAPORE,None
BOFASG3XEMG,35,BANK OF AMERICA (SINGAPORE) LTD.,SINGAPORE,(EMERGING MARKETS GROUP)
BOFASG3X,36,BANK OF AMERICA (SINGAPORE) LTD.,SINGAPORE,None
BOFASG3XJVC,37,BANK OF AMERICA (SINGAPORE) LTD.,SINGAPORE,None
BOFASG3XTRY,38,BANK OF AMERICA (SINGAPORE) LTD.,SINGAPORE,None
BOFASG2XACU,39,BANK OF AMERICA, N.A. SINGAPORE,SINGAPORE,(ASIA CURRENCY UNIT)
BOFASG2X,40,BANK OF AMERICA, N.A. SINGAPORE,SINGAPORE,None
BOFASG2XGRC,41,BANK OF AMERICA, N.A. SINGAPORE,SINGAPORE,None
BOFASG2XTSY,42,BANK OF AMERICA, N.A. SINGAPORE,SINGAPORE,None
BARBSGSG,43,BANK OF BARODA,SINGAPORE,None
BKCHSGSGPBG,44,BANK OF CHINA LIMITED,SINGAPORE,(BANK OF CHINA LIMITED,SINGAPORE BRANCH)
BKCHSGSGCUS,45,BANK OF CHINA LIMITED,SINGAPORE,(SINGAPORE BRANCH (CUSTODY OPERATION))
BKCHSGSG,46,BANK OF CHINA LIMITED,SINGAPORE,None
COMMSGSG,47,BANK OF COMMUNICATIONS, SINGAPORE BRANCH,SINGAPORE,None
BKIDSGSG,48,BANK OF INDIA,SINGAPORE,None
BOFMSGSGGTB,49,BANK OF MONTREAL, SINGAPORE BRANCH,SINGAPORE,(BANK OF MONTREAL SINGAPORE BRANCH - GLOBAL TRADE AND BANKING)
BOFMSGSGPWM,50,BANK OF MONTREAL, SINGAPORE BRANCH,SINGAPORE,(BANK OF MONTREAL SINGAPORE BRANCH - PRIVATE BANKING)
BOFMSGSGFXM,51,BANK OF MONTREAL, SINGAPORE BRANCH,SINGAPORE,(BANK OF MONTREAL SINGAPORE BRANCH -FX MM)
BOFMSGSG,52,BANK OF MONTREAL, SINGAPORE BRANCH,SINGAPORE,None
INGPSGSG,53,BANK OF SINGAPORE LIMITED (FORMERLY ING ASIA PRIVATE BANK LIMITED),SINGAPORE,None
BKTWSGSG,54,BANK OF TAIWAN,SINGAPORE,None
BOTKSGSX,55,BANK OF TOKYO-MITSUBISHI UFJ, LTD., THE,SINGAPORE,(SINGAPORE BRANCH)
BKWASGS1,56,BANK OF WESTERN AUSTRALIA LTD.,SINGAPORE,None
PICTSGSG,57,BANK PICTET AND CIE (ASIA) LTD,SINGAPORE,None
SACHSGS1,58,BANKING COMPUTER SERVICES PRIVATE LIMITED,SINGAPORE,None
BARCSGSG,59,BARCLAYS BANK PLC,SINGAPORE,None
BARCSGSW,60,BARCLAYS BANK PLC,SINGAPORE,None
BZWSSGS1,61,BARCLAYS CAPITAL FUTURES (SINGAPORE) PRIVATE LIMITED,SINGAPORE,None
SEBRSGS1,62,BARING SECURITIES PTE LTD.,SINGAPORE,None
BLPTSGS1,63,BLOCSEC PTE LTD,SINGAPORE,None
BNPASGSGWMB,64,BNP PARIBAS - SINGAPORE BRANCH,SINGAPORE,(BNPP SINGAPORE (WEALTH MANAGEMENT))
BNPASGSGGCG,65,BNP PARIBAS - SINGAPORE BRANCH,SINGAPORE,(COMMODITY FINANCE OPERATION CENTRE)
BNPASGSG,66,BNP PARIBAS - SINGAPORE BRANCH,SINGAPORE,None
BNPASGSGONG,67,BNP PARIBAS - SINGAPORE BRANCH,SINGAPORE,None
BNPSSGS1,68,BNP PARIBAS CAPITAL (SINGAPORE) LTD.,SINGAPORE,None
BPESSGS1,69,BNP PARIBAS SECURITIES (SINGAPORE) PTE. LTD.,SINGAPORE,None
PARBSGSGESI,70,BNP PARIBAS SECURITIES SERVICES SA,SINGAPORE,(BP2S ESI)
PARBSG21151,71,BNP PARIBAS SECURITIES SERVICES SA,SINGAPORE,(BP2S SINGAPORE 151)
PARBSG21152,72,BNP PARIBAS SECURITIES SERVICES SA,SINGAPORE,(BP2S SINGAPORE 152)
PARBSG21153,73,BNP PARIBAS SECURITIES SERVICES SA,SINGAPORE,(BP2S SINGAPORE 153)
PARBSG21154,74,BNP PARIBAS SECURITIES SERVICES SA,SINGAPORE,(BP2S SINGAPORE 154)
PARBSG21155,75,BNP PARIBAS SECURITIES SERVICES SA,SINGAPORE,(BP2S SINGAPORE 155)
PARBSG21156,76,BNP PARIBAS SECURITIES SERVICES SA,SINGAPORE,(BP2S SINGAPORE 156)
PARBSG21157,77,BNP PARIBAS SECURITIES SERVICES SA,SINGAPORE,(BP2S SINGAPORE 157)
PARBSG21158,78,BNP PARIBAS SECURITIES SERVICES SA,SINGAPORE,(BP2S SINGAPORE 158)
PARBSG21159,79,BNP PARIBAS SECURITIES SERVICES SA,SINGAPORE,(BP2S SINGAPORE 159)
PARBSG21160,80,BNP PARIBAS SECURITIES SERVICES SA,SINGAPORE,(BP2S SINGAPORE 160)
PARBSG21161,81,BNP PARIBAS SECURITIES SERVICES SA,SINGAPORE,(BP2S SINGAPORE 161)
PARBSG21162,82,BNP PARIBAS SECURITIES SERVICES SA,SINGAPORE,(BP2S SINGAPORE 162)
PARBSG21163,83,BNP PARIBAS SECURITIES SERVICES SA,SINGAPORE,(BP2S SINGAPORE 163)
PARBSG21164,84,BNP PARIBAS SECURITIES SERVICES SA,SINGAPORE,(BP2S SINGAPORE 164)
PARBSG21165,85,BNP PARIBAS SECURITIES SERVICES SA,SINGAPORE,(BP2S SINGAPORE 165)
PARBSG21166,86,BNP PARIBAS SECURITIES SERVICES SA,SINGAPORE,(BP2S SINGAPORE 166)
PARBSG21167,87,BNP PARIBAS SECURITIES SERVICES SA,SINGAPORE,(BP2S SINGAPORE 167)
PARBSG21168,88,BNP PARIBAS SECURITIES SERVICES SA,SINGAPORE,(BP2S SINGAPORE 168)
PARBSG21169,89,BNP PARIBAS SECURITIES SERVICES SA,SINGAPORE,(BP2S SINGAPORE 169)
PARBSG21170,90,BNP PARIBAS SECURITIES SERVICES SA,SINGAPORE,(BP2S SINGAPORE 170)
PARBSG21171,91,BNP PARIBAS SECURITIES SERVICES SA,SINGAPORE,(BP2S SINGAPORE 171)
PARBSG21172,92,BNP PARIBAS SECURITIES SERVICES SA,SINGAPORE,(BP2S SINGAPORE 172)
PARBSG21173,93,BNP PARIBAS SECURITIES SERVICES SA,SINGAPORE,(BP2S SINGAPORE 173)
PARBSG21174,94,BNP PARIBAS SECURITIES SERVICES SA,SINGAPORE,(BP2S SINGAPORE 174)
PARBSG21175,95,BNP PARIBAS SECURITIES SERVICES SA,SINGAPORE,(BP2S SINGAPORE 175)
PARBSG21176,96,BNP PARIBAS SECURITIES SERVICES SA,SINGAPORE,(BP2S SINGAPORE 176)
PARBSG21177,97,BNP PARIBAS SECURITIES SERVICES SA,SINGAPORE,(BP2S SINGAPORE 177)
PARBSG21178,98,BNP PARIBAS SECURITIES SERVICES SA,SINGAPORE,(BP2S SINGAPORE 178)
PARBSG21179,99,BNP PARIBAS SECURITIES SERVICES SA,SINGAPORE,(BP2S SINGAPORE 179)
PARBSG21180,100,BNP PARIBAS SECURITIES SERVICES SA,SINGAPORE,(BP2S SINGAPORE 180)
PARBSG21181,101,BNP PARIBAS SECURITIES SERVICES SA,SINGAPORE,(BP2S SINGAPORE 181)
PARBSG21182,102,BNP PARIBAS SECURITIES SERVICES SA,SINGAPORE,(BP2S SINGAPORE 182)
PARBSG21183,103,BNP PARIBAS SECURITIES SERVICES SA,SINGAPORE,(BP2S SINGAPORE 183)
PARBSG21184,104,BNP PARIBAS SECURITIES SERVICES SA,SINGAPORE,(BP2S SINGAPORE 184)
PARBSG21185,105,BNP PARIBAS SECURITIES SERVICES SA,SINGAPORE,(BP2S SINGAPORE 185)
PARBSG21186,106,BNP PARIBAS SECURITIES SERVICES SA,SINGAPORE,(BP2S SINGAPORE 186)
PARBSG21187,107,BNP PARIBAS SECURITIES SERVICES SA,SINGAPORE,(BP2S SINGAPORE 187)
PARBSG21188,108,BNP PARIBAS SECURITIES SERVICES SA,SINGAPORE,(BP2S SINGAPORE 188)
PARBSG21189,109,BNP PARIBAS SECURITIES SERVICES SA,SINGAPORE,(BP2S SINGAPORE 189)
PARBSG21190,110,BNP PARIBAS SECURITIES SERVICES SA,SINGAPORE,(BP2S SINGAPORE 190)
PARBSG21191,111,BNP PARIBAS SECURITIES SERVICES SA,SINGAPORE,(BP2S SINGAPORE 191)
PARBSG21192,112,BNP PARIBAS SECURITIES SERVICES SA,SINGAPORE,(BP2S SINGAPORE 192)
PARBSG21193,113,BNP PARIBAS SECURITIES SERVICES SA,SINGAPORE,(BP2S SINGAPORE 193)
PARBSG21194,114,BNP PARIBAS SECURITIES SERVICES SA,SINGAPORE,(BP2S SINGAPORE 194)
PARBSG21195,115,BNP PARIBAS SECURITIES SERVICES SA,SINGAPORE,(BP2S SINGAPORE 195)
PARBSG21196,116,BNP PARIBAS SECURITIES SERVICES SA,SINGAPORE,(BP2S SINGAPORE 196)
PARBSG21197,117,BNP PARIBAS SECURITIES SERVICES SA,SINGAPORE,(BP2S SINGAPORE 197)
PARBSG21198,118,BNP PARIBAS SECURITIES SERVICES SA,SINGAPORE,(BP2S SINGAPORE 198)
PARBSG21199,119,BNP PARIBAS SECURITIES SERVICES SA,SINGAPORE,(BP2S SINGAPORE 199)
PARBSG21200,120,BNP PARIBAS SECURITIES SERVICES SA,SINGAPORE,(BP2S SINGAPORE 200)
PARBSG21201,121,BNP PARIBAS SECURITIES SERVICES SA,SINGAPORE,(BP2S SINGAPORE 201)
PARBSG21202,122,BNP PARIBAS SECURITIES SERVICES SA,SINGAPORE,(BP2S SINGAPORE 202)
PARBSG21203,123,BNP PARIBAS SECURITIES SERVICES SA,SINGAPORE,(BP2S SINGAPORE 203)
PARBSG21204,124,BNP PARIBAS SECURITIES SERVICES SA,SINGAPORE,(BP2S SINGAPORE 204)
PARBSG21205,125,BNP PARIBAS SECURITIES SERVICES SA,SINGAPORE,(BP2S SINGAPORE 205)
PARBSG21206,126,BNP PARIBAS SECURITIES SERVICES SA,SINGAPORE,(BP2S SINGAPORE 206)
PARBSG21207,127,BNP PARIBAS SECURITIES SERVICES SA,SINGAPORE,(BP2S SINGAPORE 207)
PARBSG21208,128,BNP PARIBAS SECURITIES SERVICES SA,SINGAPORE,(BP2S SINGAPORE 208)
PARBSG21209,129,BNP PARIBAS SECURITIES SERVICES SA,SINGAPORE,(BP2S SINGAPORE 209)
PARBSG21210,130,BNP PARIBAS SECURITIES SERVICES SA,SINGAPORE,(BP2S SINGAPORE 210)
PARBSG21211,131,BNP PARIBAS SECURITIES SERVICES SA,SINGAPORE,(BP2S SINGAPORE 211)
PARBSG21212,132,BNP PARIBAS SECURITIES SERVICES SA,SINGAPORE,(BP2S SINGAPORE 212)
PARBSG21213,133,BNP PARIBAS SECURITIES SERVICES SA,SINGAPORE,(BP2S SINGAPORE 213)
PARBSG21214,134,BNP PARIBAS SECURITIES SERVICES SA,SINGAPORE,(BP2S SINGAPORE 214)
PARBSG21215,135,BNP PARIBAS SECURITIES SERVICES SA,SINGAPORE,(BP2S SINGAPORE 215)
PARBSG21216,136,BNP PARIBAS SECURITIES SERVICES SA,SINGAPORE,(BP2S SINGAPORE 216)
PARBSG21217,137,BNP PARIBAS SECURITIES SERVICES SA,SINGAPORE,(BP2S SINGAPORE 217)
PARBSG21218,138,BNP PARIBAS SECURITIES SERVICES SA,SINGAPORE,(BP2S SINGAPORE 218)
PARBSG21219,139,BNP PARIBAS SECURITIES SERVICES SA,SINGAPORE,(BP2S SINGAPORE 219)
PARBSG21220,140,BNP PARIBAS SECURITIES SERVICES SA,SINGAPORE,(BP2S SINGAPORE 220)
PARBSG21221,141,BNP PARIBAS SECURITIES SERVICES SA,SINGAPORE,(BP2S SINGAPORE 221)
PARBSG21222,142,BNP PARIBAS SECURITIES SERVICES SA,SINGAPORE,(BP2S SINGAPORE 222)
PARBSG21223,143,BNP PARIBAS SECURITIES SERVICES SA,SINGAPORE,(BP2S SINGAPORE 223)
PARBSG21224,144,BNP PARIBAS SECURITIES SERVICES SA,SINGAPORE,(BP2S SINGAPORE 224)
PARBSG21225,145,BNP PARIBAS SECURITIES SERVICES SA,SINGAPORE,(BP2S SINGAPORE 225)
PARBSG21226,146,BNP PARIBAS SECURITIES SERVICES SA,SINGAPORE,(BP2S SINGAPORE 226)
PARBSG21227,147,BNP PARIBAS SECURITIES SERVICES SA,SINGAPORE,(BP2S SINGAPORE 227)
PARBSG21228,148,BNP PARIBAS SECURITIES SERVICES SA,SINGAPORE,(BP2S SINGAPORE 228)
PARBSG21229,149,BNP PARIBAS SECURITIES SERVICES SA,SINGAPORE,(BP2S SINGAPORE 229)
PARBSG21230,150,BNP PARIBAS SECURITIES SERVICES SA,SINGAPORE,(BP2S SINGAPORE 230)
PARBSG21231,151,BNP PARIBAS SECURITIES SERVICES SA,SINGAPORE,(BP2S SINGAPORE 231)
PARBSG21232,152,BNP PARIBAS SECURITIES SERVICES SA,SINGAPORE,(BP2S SINGAPORE 232)
PARBSG21233,153,BNP PARIBAS SECURITIES SERVICES SA,SINGAPORE,(BP2S SINGAPORE 233)
PARBSG21234,154,BNP PARIBAS SECURITIES SERVICES SA,SINGAPORE,(BP2S SINGAPORE 234)
PARBSG21235,155,BNP PARIBAS SECURITIES SERVICES SA,SINGAPORE,(BP2S SINGAPORE 235)
PARBSG21236,156,BNP PARIBAS SECURITIES SERVICES SA,SINGAPORE,(BP2S SINGAPORE 236)
PARBSG21237,157,BNP PARIBAS SECURITIES SERVICES SA,SINGAPORE,(BP2S SINGAPORE 237)
PARBSG21238,158,BNP PARIBAS SECURITIES SERVICES SA,SINGAPORE,(BP2S SINGAPORE 238)
PARBSG21239,159,BNP PARIBAS SECURITIES SERVICES SA,SINGAPORE,(BP2S SINGAPORE 239)
PARBSG21240,160,BNP PARIBAS SECURITIES SERVICES SA,SINGAPORE,(BP2S SINGAPORE 240)
PARBSG21241,161,BNP PARIBAS SECURITIES SERVICES SA,SINGAPORE,(BP2S SINGAPORE 241)
PARBSG21242,162,BNP PARIBAS SECURITIES SERVICES SA,SINGAPORE,(BP2S SINGAPORE 242)
PARBSG21243,163,BNP PARIBAS SECURITIES SERVICES SA,SINGAPORE,(BP2S SINGAPORE 243)
PARBSG21244,164,BNP PARIBAS SECURITIES SERVICES SA,SINGAPORE,(BP2S SINGAPORE 244)
PARBSG21245,165,BNP PARIBAS SECURITIES SERVICES SA,SINGAPORE,(BP2S SINGAPORE 245)
PARBSG21246,166,BNP PARIBAS SECURITIES SERVICES SA,SINGAPORE,(BP2S SINGAPORE 246)
PARBSG21247,167,BNP PARIBAS SECURITIES SERVICES SA,SINGAPORE,(BP2S SINGAPORE 247)
PARBSG21248,168,BNP PARIBAS SECURITIES SERVICES SA,SINGAPORE,(BP2S SINGAPORE 248)
PARBSG21249,169,BNP PARIBAS SECURITIES SERVICES SA,SINGAPORE,(BP2S SINGAPORE 249)
PARBSG21250,170,BNP PARIBAS SECURITIES SERVICES SA,SINGAPORE,(BP2S SINGAPORE 250)
PARBSGSGISI,171,BNP PARIBAS SECURITIES SERVICES SA,SINGAPORE,(GLOBAL CUSTODY)
PARBSGSGMOO,172,BNP PARIBAS SECURITIES SERVICES SA,SINGAPORE,(KAWAN - BP2S SINGAPORE)
PARBSG21000,173,BNP PARIBAS SECURITIES SERVICES SA,SINGAPORE,(SINGAPORE)
PARBSG21001,174,BNP PARIBAS SECURITIES SERVICES SA,SINGAPORE,(SINGAPORE)
PARBSG21002,175,BNP PARIBAS SECURITIES SERVICES SA,SINGAPORE,(SINGAPORE)
PARBSG21003,176,BNP PARIBAS SECURITIES SERVICES SA,SINGAPORE,(SINGAPORE)
PARBSG21004,177,BNP PARIBAS SECURITIES SERVICES SA,SINGAPORE,(SINGAPORE)
PARBSG21005,178,BNP PARIBAS SECURITIES SERVICES SA,SINGAPORE,(SINGAPORE)
PARBSG21006,179,BNP PARIBAS SECURITIES SERVICES SA,SINGAPORE,(SINGAPORE)
PARBSG21007,180,BNP PARIBAS SECURITIES SERVICES SA,SINGAPORE,(SINGAPORE)
PARBSG21008,181,BNP PARIBAS SECURITIES SERVICES SA,SINGAPORE,(SINGAPORE)
PARBSG21009,182,BNP PARIBAS SECURITIES SERVICES SA,SINGAPORE,(SINGAPORE)
PARBSG21010,183,BNP PARIBAS SECURITIES SERVICES SA,SINGAPORE,(SINGAPORE)
PARBSG21011,184,BNP PARIBAS SECURITIES SERVICES SA,SINGAPORE,(SINGAPORE)
PARBSG21012,185,BNP PARIBAS SECURITIES SERVICES SA,SINGAPORE,(SINGAPORE)
PARBSG21013,186,BNP PARIBAS SECURITIES SERVICES SA,SINGAPORE,(SINGAPORE)
PARBSG21014,187,BNP PARIBAS SECURITIES SERVICES SA,SINGAPORE,(SINGAPORE)
PARBSG21015,188,BNP PARIBAS SECURITIES SERVICES SA,SINGAPORE,(SINGAPORE)
PARBSG21016,189,BNP PARIBAS SECURITIES SERVICES SA,SINGAPORE,(SINGAPORE)
PARBSG21017,190,BNP PARIBAS SECURITIES SERVICES SA,SINGAPORE,(SINGAPORE)
PARBSG21018,191,BNP PARIBAS SECURITIES SERVICES SA,SINGAPORE,(SINGAPORE)
PARBSG21019,192,BNP PARIBAS SECURITIES SERVICES SA,SINGAPORE,(SINGAPORE)
PARBSG21020,193,BNP PARIBAS SECURITIES SERVICES SA,SINGAPORE,(SINGAPORE)
PARBSG21021,194,BNP PARIBAS SECURITIES SERVICES SA,SINGAPORE,(SINGAPORE)
PARBSG21022,195,BNP PARIBAS SECURITIES SERVICES SA,SINGAPORE,(SINGAPORE)
PARBSG21023,196,BNP PARIBAS SECURITIES SERVICES SA,SINGAPORE,(SINGAPORE)
PARBSG21024,197,BNP PARIBAS SECURITIES SERVICES SA,SINGAPORE,(SINGAPORE)
PARBSG21025,198,BNP PARIBAS SECURITIES SERVICES SA,SINGAPORE,(SINGAPORE)
PARBSG21026,199,BNP PARIBAS SECURITIES SERVICES SA,SINGAPORE,(SINGAPORE)
PARBSG21027,200,BNP PARIBAS SECURITIES SERVICES SA,SINGAPORE,(SINGAPORE)
PARBSG21028,201,BNP PARIBAS SECURITIES SERVICES SA,SINGAPORE,(SINGAPORE)
PARBSG21029,202,BNP PARIBAS SECURITIES SERVICES SA,SINGAPORE,(SINGAPORE)
PARBSG21030,203,BNP PARIBAS SECURITIES SERVICES SA,SINGAPORE,(SINGAPORE)
PARBSG21031,204,BNP PARIBAS SECURITIES SERVICES SA,SINGAPORE,(SINGAPORE)
PARBSG21032,205,BNP PARIBAS SECURITIES SERVICES SA,SINGAPORE,(SINGAPORE)
PARBSG21033,206,BNP PARIBAS SECURITIES SERVICES SA,SINGAPORE,(SINGAPORE)
PARBSG21034,207,BNP PARIBAS SECURITIES SERVICES SA,SINGAPORE,(SINGAPORE)
PARBSG21035,208,BNP PARIBAS SECURITIES SERVICES SA,SINGAPORE,(SINGAPORE)
PARBSG21036,209,BNP PARIBAS SECURITIES SERVICES SA,SINGAPORE,(SINGAPORE)
PARBSG21037,210,BNP PARIBAS SECURITIES SERVICES SA,SINGAPORE,(SINGAPORE)
PARBSG21038,211,BNP PARIBAS SECURITIES SERVICES SA,SINGAPORE,(SINGAPORE)
PARBSG21039,212,BNP PARIBAS SECURITIES SERVICES SA,SINGAPORE,(SINGAPORE)
PARBSG21040,213,BNP PARIBAS SECURITIES SERVICES SA,SINGAPORE,(SINGAPORE)
PARBSG21048,214,BNP PARIBAS SECURITIES SERVICES SA,SINGAPORE,(SINGAPORE)
PARBSG21049,215,BNP PARIBAS SECURITIES SERVICES SA,SINGAPORE,(SINGAPORE)
PARBSG21050,216,BNP PARIBAS SECURITIES SERVICES SA,SINGAPORE,(SINGAPORE)
PARBSG21051,217,BNP PARIBAS SECURITIES SERVICES SA,SINGAPORE,(SINGAPORE)
PARBSG21052,218,BNP PARIBAS SECURITIES SERVICES SA,SINGAPORE,(SINGAPORE)
PARBSG21053,219,BNP PARIBAS SECURITIES SERVICES SA,SINGAPORE,(SINGAPORE)
PARBSG21054,220,BNP PARIBAS SECURITIES SERVICES SA,SINGAPORE,(SINGAPORE)
PARBSG21055,221,BNP PARIBAS SECURITIES SERVICES SA,SINGAPORE,(SINGAPORE)
PARBSG21056,222,BNP PARIBAS SECURITIES SERVICES SA,SINGAPORE,(SINGAPORE)
PARBSG21057,223,BNP PARIBAS SECURITIES SERVICES SA,SINGAPORE,(SINGAPORE)
PARBSG21058,224,BNP PARIBAS SECURITIES SERVICES SA,SINGAPORE,(SINGAPORE)
PARBSG21059,225,BNP PARIBAS SECURITIES SERVICES SA,SINGAPORE,(SINGAPORE)
PARBSG21060,226,BNP PARIBAS SECURITIES SERVICES SA,SINGAPORE,(SINGAPORE)
PARBSG21061,227,BNP PARIBAS SECURITIES SERVICES SA,SINGAPORE,(SINGAPORE)
PARBSG21062,228,BNP PARIBAS SECURITIES SERVICES SA,SINGAPORE,(SINGAPORE)
PARBSG21063,229,BNP PARIBAS SECURITIES SERVICES SA,SINGAPORE,(SINGAPORE)
PARBSG21064,230,BNP PARIBAS SECURITIES SERVICES SA,SINGAPORE,(SINGAPORE)
PARBSG21065,231,BNP PARIBAS SECURITIES SERVICES SA,SINGAPORE,(SINGAPORE)
PARBSG21066,232,BNP PARIBAS SECURITIES SERVICES SA,SINGAPORE,(SINGAPORE)
PARBSG21067,233,BNP PARIBAS SECURITIES SERVICES SA,SINGAPORE,(SINGAPORE)
PARBSG21068,234,BNP PARIBAS SECURITIES SERVICES SA,SINGAPORE,(SINGAPORE)
PARBSG21069,235,BNP PARIBAS SECURITIES SERVICES SA,SINGAPORE,(SINGAPORE)
PARBSG21070,236,BNP PARIBAS SECURITIES SERVICES SA,SINGAPORE,(SINGAPORE)
PARBSG21071,237,BNP PARIBAS SECURITIES SERVICES SA,SINGAPORE,(SINGAPORE)
PARBSG21072,238,BNP PARIBAS SECURITIES SERVICES SA,SINGAPORE,(SINGAPORE)
PARBSG21073,239,BNP PARIBAS SECURITIES SERVICES SA,SINGAPORE,(SINGAPORE)
PARBSG21074,240,BNP PARIBAS SECURITIES SERVICES SA,SINGAPORE,(SINGAPORE)
PARBSG21075,241,BNP PARIBAS SECURITIES SERVICES SA,SINGAPORE,(SINGAPORE)
PARBSG21076,242,BNP PARIBAS SECURITIES SERVICES SA,SINGAPORE,(SINGAPORE)
PARBSG21077,243,BNP PARIBAS SECURITIES SERVICES SA,SINGAPORE,(SINGAPORE)
PARBSG21078,244,BNP PARIBAS SECURITIES SERVICES SA,SINGAPORE,(SINGAPORE)
PARBSG21079,245,BNP PARIBAS SECURITIES SERVICES SA,SINGAPORE,(SINGAPORE)
PARBSG21080,246,BNP PARIBAS SECURITIES SERVICES SA,SINGAPORE,(SINGAPORE)
PARBSG21081,247,BNP PARIBAS SECURITIES SERVICES SA,SINGAPORE,(SINGAPORE)
PARBSG21082,248,BNP PARIBAS SECURITIES SERVICES SA,SINGAPORE,(SINGAPORE)
PARBSG21083,249,BNP PARIBAS SECURITIES SERVICES SA,SINGAPORE,(SINGAPORE)
PARBSG21084,250,BNP PARIBAS SECURITIES SERVICES SA,SINGAPORE,(SINGAPORE)
PARBSG21085,251,BNP PARIBAS SECURITIES SERVICES SA,SINGAPORE,(SINGAPORE)
PARBSG21086,252,BNP PARIBAS SECURITIES SERVICES SA,SINGAPORE,(SINGAPORE)
PARBSG21087,253,BNP PARIBAS SECURITIES SERVICES SA,SINGAPORE,(SINGAPORE)
PARBSG21088,254,BNP PARIBAS SECURITIES SERVICES SA,SINGAPORE,(SINGAPORE)
PARBSG21089,255,BNP PARIBAS SECURITIES SERVICES SA,SINGAPORE,(SINGAPORE)
PARBSG21090,256,BNP PARIBAS SECURITIES SERVICES SA,SINGAPORE,(SINGAPORE)
PARBSG21091,257,BNP PARIBAS SECURITIES SERVICES SA,SINGAPORE,(SINGAPORE)
PARBSG21092,258,BNP PARIBAS SECURITIES SERVICES SA,SINGAPORE,(SINGAPORE)
PARBSG21093,259,BNP PARIBAS SECURITIES SERVICES SA,SINGAPORE,(SINGAPORE)
PARBSG21094,260,BNP PARIBAS SECURITIES SERVICES SA,SINGAPORE,(SINGAPORE)
PARBSG21095,261,BNP PARIBAS SECURITIES SERVICES SA,SINGAPORE,(SINGAPORE)
PARBSG21096,262,BNP PARIBAS SECURITIES SERVICES SA,SINGAPORE,(SINGAPORE)
PARBSG21097,263,BNP PARIBAS SECURITIES SERVICES SA,SINGAPORE,(SINGAPORE)
PARBSG21098,264,BNP PARIBAS SECURITIES SERVICES SA,SINGAPORE,(SINGAPORE)
PARBSG21099,265,BNP PARIBAS SECURITIES SERVICES SA,SINGAPORE,(SINGAPORE)
PARBSG21100,266,BNP PARIBAS SECURITIES SERVICES SA,SINGAPORE,(SINGAPORE)
PARBSG21101,267,BNP PARIBAS SECURITIES SERVICES SA,SINGAPORE,(SINGAPORE)
PARBSG21102,268,BNP PARIBAS SECURITIES SERVICES SA,SINGAPORE,(SINGAPORE)
PARBSG21103,269,BNP PARIBAS SECURITIES SERVICES SA,SINGAPORE,(SINGAPORE)
PARBSG21104,270,BNP PARIBAS SECURITIES SERVICES SA,SINGAPORE,(SINGAPORE)
PARBSG21105,271,BNP PARIBAS SECURITIES SERVICES SA,SINGAPORE,(SINGAPORE)
PARBSG21106,272,BNP PARIBAS SECURITIES SERVICES SA,SINGAPORE,(SINGAPORE)
PARBSG21107,273,BNP PARIBAS SECURITIES SERVICES SA,SINGAPORE,(SINGAPORE)
PARBSG21108,274,BNP PARIBAS SECURITIES SERVICES SA,SINGAPORE,(SINGAPORE)
PARBSG21109,275,BNP PARIBAS SECURITIES SERVICES SA,SINGAPORE,(SINGAPORE)
PARBSG21110,276,BNP PARIBAS SECURITIES SERVICES SA,SINGAPORE,(SINGAPORE)
PARBSG21111,277,BNP PARIBAS SECURITIES SERVICES SA,SINGAPORE,(SINGAPORE)
PARBSG21112,278,BNP PARIBAS SECURITIES SERVICES SA,SINGAPORE,(SINGAPORE)
PARBSG21113,279,BNP PARIBAS SECURITIES SERVICES SA,SINGAPORE,(SINGAPORE)
PARBSG21114,280,BNP PARIBAS SECURITIES SERVICES SA,SINGAPORE,(SINGAPORE)
PARBSG21115,281,BNP PARIBAS SECURITIES SERVICES SA,SINGAPORE,(SINGAPORE)
PARBSG21116,282,BNP PARIBAS SECURITIES SERVICES SA,SINGAPORE,(SINGAPORE)
PARBSG21117,283,BNP PARIBAS SECURITIES SERVICES SA,SINGAPORE,(SINGAPORE)
PARBSG21118,284,BNP PARIBAS SECURITIES SERVICES SA,SINGAPORE,(SINGAPORE)
PARBSG21119,285,BNP PARIBAS SECURITIES SERVICES SA,SINGAPORE,(SINGAPORE)
PARBSG21120,286,BNP PARIBAS SECURITIES SERVICES SA,SINGAPORE,(SINGAPORE)
PARBSG21121,287,BNP PARIBAS SECURITIES SERVICES SA,SINGAPORE,(SINGAPORE)
PARBSG21122,288,BNP PARIBAS SECURITIES SERVICES SA,SINGAPORE,(SINGAPORE)
PARBSG21123,289,BNP PARIBAS SECURITIES SERVICES SA,SINGAPORE,(SINGAPORE)
PARBSG21124,290,BNP PARIBAS SECURITIES SERVICES SA,SINGAPORE,(SINGAPORE)
PARBSG21125,291,BNP PARIBAS SECURITIES SERVICES SA,SINGAPORE,(SINGAPORE)
PARBSG21126,292,BNP PARIBAS SECURITIES SERVICES SA,SINGAPORE,(SINGAPORE)
PARBSG21127,293,BNP PARIBAS SECURITIES SERVICES SA,SINGAPORE,(SINGAPORE)
PARBSG21128,294,BNP PARIBAS SECURITIES SERVICES SA,SINGAPORE,(SINGAPORE)
PARBSG21129,295,BNP PARIBAS SECURITIES SERVICES SA,SINGAPORE,(SINGAPORE)
PARBSG21130,296,BNP PARIBAS SECURITIES SERVICES SA,SINGAPORE,(SINGAPORE)
PARBSG21131,297,BNP PARIBAS SECURITIES SERVICES SA,SINGAPORE,(SINGAPORE)
PARBSG21132,298,BNP PARIBAS SECURITIES SERVICES SA,SINGAPORE,(SINGAPORE)
PARBSG21133,299,BNP PARIBAS SECURITIES SERVICES SA,SINGAPORE,(SINGAPORE)
PARBSG21134,300,BNP PARIBAS SECURITIES SERVICES SA,SINGAPORE,(SINGAPORE)
PARBSG21135,301,BNP PARIBAS SECURITIES SERVICES SA,SINGAPORE,(SINGAPORE)
PARBSG21136,302,BNP PARIBAS SECURITIES SERVICES SA,SINGAPORE,(SINGAPORE)
PARBSG21137,303,BNP PARIBAS SECURITIES SERVICES SA,SINGAPORE,(SINGAPORE)
PARBSG21138,304,BNP PARIBAS SECURITIES SERVICES SA,SINGAPORE,(SINGAPORE)
PARBSG21139,305,BNP PARIBAS SECURITIES SERVICES SA,SINGAPORE,(SINGAPORE)
PARBSG21140,306,BNP PARIBAS SECURITIES SERVICES SA,SINGAPORE,(SINGAPORE)
PARBSG21141,307,BNP PARIBAS SECURITIES SERVICES SA,SINGAPORE,(SINGAPORE)
PARBSG21142,308,BNP PARIBAS SECURITIES SERVICES SA,SINGAPORE,(SINGAPORE)
PARBSG21143,309,BNP PARIBAS SECURITIES SERVICES SA,SINGAPORE,(SINGAPORE)
PARBSG21144,310,BNP PARIBAS SECURITIES SERVICES SA,SINGAPORE,(SINGAPORE)
PARBSG21145,311,BNP PARIBAS SECURITIES SERVICES SA,SINGAPORE,(SINGAPORE)
PARBSG21146,312,BNP PARIBAS SECURITIES SERVICES SA,SINGAPORE,(SINGAPORE)
PARBSG21147,313,BNP PARIBAS SECURITIES SERVICES SA,SINGAPORE,(SINGAPORE)
PARBSG21148,314,BNP PARIBAS SECURITIES SERVICES SA,SINGAPORE,(SINGAPORE)
PARBSG21149,315,BNP PARIBAS SECURITIES SERVICES SA,SINGAPORE,(SINGAPORE)
PARBSG21150,316,BNP PARIBAS SECURITIES SERVICES SA,SINGAPORE,(SINGAPORE)
BPTSSGSG,317,BNP PARIBAS SECURITIES SERVICES SA,SINGAPORE,None
PARBSG21,318,BNP PARIBAS SECURITIES SERVICES SA,SINGAPORE,None
PARBSG21041,319,BNP PARIBAS SECURITIES SERVICES SA,SINGAPORE,None
PARBSG21042,320,BNP PARIBAS SECURITIES SERVICES SA,SINGAPORE,None
PARBSG21043,321,BNP PARIBAS SECURITIES SERVICES SA,SINGAPORE,None
PARBSG21044,322,BNP PARIBAS SECURITIES SERVICES SA,SINGAPORE,None
PARBSG21045,323,BNP PARIBAS SECURITIES SERVICES SA,SINGAPORE,None
PARBSG21046,324,BNP PARIBAS SECURITIES SERVICES SA,SINGAPORE,None
PARBSG21047,325,BNP PARIBAS SECURITIES SERVICES SA,SINGAPORE,None
PARBSG21BLK,326,BNP PARIBAS SECURITIES SERVICES SA,SINGAPORE,None
PARBSG21SCH,327,BNP PARIBAS SECURITIES SERVICES SA,SINGAPORE,None
PARBSGSG,328,BNP PARIBAS SECURITIES SERVICES SA,SINGAPORE,None
BNPTSGSG,329,BNP PARIBAS TRUST SERVICES SINGAPORE LIMITED  (TRUST AND TA ONLY),SINGAPORE,None
BNPGSGS1,330,BNP PRIME PEREGRINE,SINGAPORE,None
BORDSGSX,331,BORDIER AND CIE (SINGAPORE) LTD,SINGAPORE,None
BPSISGSG,332,BP SINGAPORE PTE LIMITED,SINGAPORE,None
BPIISGS1,333,BPI INTERNATIONAL FINANCE LIMITED,SINGAPORE,None
BRPTSGS1,334,BRIDGE CAPITAL,SINGAPORE,None
BATSSG21,335,BRITISH AMERICAN TOBACCO (SINGAPORE) PTE LTD,SINGAPORE,None
BATSSGS1,336,BRITISH AMERICAN TOBACCO MARKETING (SINGAPORE)PTE LTD,SINGAPORE,None
BIMNSGS1,337,BRONTE INVESTMENT MANAGEMENT (SINGAPORE) PTE LTD,SINGAPORE,None
BTBASGS1,338,BT BROKERAGE AND ASSOCIATES PTE LTD.,SINGAPORE,None
BTFSSGS1,339,BT FUTURES (SINGAPORE) LTD.,SINGAPORE,None
BTSPSGS1,340,BTIG SINGAPORE PTE. LIMITED,SINGAPORE,None
BOTFSGS1,341,BTM FUTURES PTE LTD.,SINGAPORE,None
BVIPSGS1ITM,342,BULLION VENTURA INVESTMENT PTE LTD,SINGAPORE,(INFORMATION AND TECHNOLOGY)
BVIPSGS1,343,BULLION VENTURA INVESTMENT PTE LTD,SINGAPORE,None
BWMASGSG,344,BW MARITIME PTE LTD,SINGAPORE,None
AGRISG2X,345,CA INDOSUEZ (SWITZERLAND) SA, SINGAPORE BRANCH,SINGAPORE,None
CIBCSGSG,346,CANADIAN IMPERIAL BANK OF COMMERCE,SINGAPORE,None
CFSPSGS1,347,CANTOR FITZGERALD (SINGAPORE) CAPITAL MARKETS LIMITED,SINGAPORE,None
CFSPSGSX,348,CANTOR FITZGERALD (SINGAPORE) CAPITAL MARKETS LIMITED,SINGAPORE,None
CHNGSGS1,349,CAPITAL HOUSE INVESTMENT MANAGEMENT (SINGAPORE) PTE,SINGAPORE,None
CFSASGS1,350,CARGILL FINANCIAL SERVICES ASIA PTE LTD,SINGAPORE,None
CTSFSGSG,351,CARGILL TSF ASIA PTE. LTD.,SINGAPORE,None
CHPESGS1,352,CASHCARDONE PTE. LTD.,SINGAPORE,None
UWCBSGSG,353,CATHAY UNITED BANK SINGAPORE BRANCH,SINGAPORE,None
CAZESGS1,354,CAZENOVE AND CO. (SINGAPORE) PTE. LIMITED,SINGAPORE,None
CESLSGS1,355,CEF (SINGAPORE) LIMITED,SINGAPORE,None
CEPFSGS1,356,CENTRAL PACIFIC FINANCE LTD.,SINGAPORE,None
CCBCSGSG,357,CHANG HWA COMMERCIAL BANK LTD.,SINGAPORE,None
CATPSGS1,358,CHARTERED ASSET MANAGEMENT PTE LTD,SINGAPORE,None
CIBSSGS1,359,CHASE INVESTMENT BANK (SINGAPORE) LIMITED,SINGAPORE,None
KWHKSGSG,360,CHINA CITIC BANK INTERNATIONAL LIMITED SINGAPORE BRANCH,SINGAPORE,None
PCBCSGSG,361,CHINA CONSTRUCTION BANK CORPORATION, SINGAPORE BRANCH,SINGAPORE,None
CMBCSGSGPBD,362,CHINA MERCHANTS BANK SINGAPORE BRANCH,SINGAPORE,(PRIVATE BANKING CENTER)
CMBCSGSG,363,CHINA MERCHANTS BANK SINGAPORE BRANCH,SINGAPORE,None
CIBBSGSG,364,CIMB BANK BERHAD,SINGAPORE,None
GKGTSGS1,365,CIMB SECURITIES (SINGAPORE) PTE LTD.,SINGAPORE,None
JGRPSGS1,366,CIMB-GK RESEARCH PTE. LTD.,SINGAPORE,None
CITISG21,367,CITIBANK SINGAPORE LIMITED,SINGAPORE,None
CITISGSGGCB,368,CITIBANK SINGAPORE LTD,SINGAPORE,(GLOBAL CONSUMER BANKING UNIT)
CITISGSGCC1,369,CITIBANK,N.A.,SINGAPORE,(CC1)
CITISGSGCDP,370,CITIBANK,N.A.,SINGAPORE,(CDP - FOR PRE-AUTHORISED CDP LIMITED USE ONLY)
CITISGSGEFX,371,CITIBANK,N.A.,SINGAPORE,(EMFX CONFIRMATIONS)
CITISGSGNRI,372,CITIBANK,N.A.,SINGAPORE,(NRI TSU)
CITISGSGPBG,373,CITIBANK,N.A.,SINGAPORE,(PRIVATE BANKING GROUP)
CITISGSGDFA,374,CITIBANK,N.A.,SINGAPORE,(RECON TRADE)
CITISGSGHUB,375,CITIBANK,N.A.,SINGAPORE,(SINGAPORE (HUB))
CITISGSG,376,CITIBANK,N.A.,SINGAPORE,None
CISISGS1,377,CITICORP INTERNATIONAL SINGAPORE LTD.,SINGAPORE,None
SBSPSGS1,378,CITIGROUP GLOBAL MARKETS SINGAPORE PTE. LTD.,SINGAPORE,None
SSBGSGS1,379,CITIGROUP GLOBAL MARKETS SINGAPORE SECURITIES PTE.LTD.,SINGAPORE,None
CAMSSGS1,380,CLARIDEN ASSET MANAGEMENT (SINGAPORE) PTE LTD,SINGAPORE,None
CLARSGS1,381,CLARIDEN LEU LTD,SINGAPORE,None
CSPPSGS1,382,CLSA ASIA PRODUCTS PTE. LTD,SINGAPORE,None
CLSSSGSGCHV,383,CLSA SINGAPORE PTE LTD.,SINGAPORE,(CLSA GLOBAL MARKETS PTE LTD)
CLSSSGSG,384,CLSA SINGAPORE PTE LTD.,SINGAPORE,None
CMCKSGSG,385,CMC MARKETS SINGAPORE PTE LTD,SINGAPORE,None
CUAASGS1,386,COMMERCIAL UNION ASSET MANAGEMENT (SINGAPORE) LTD,SINGAPORE,None
COBASGSX,387,COMMERZBANK AG, SINGAPORE BRANCH,SINGAPORE,None
CTBASGSG,388,COMMONWEALTH BANK OF AUSTRALIA,SINGAPORE,None
MCAPSGSG,389,CONDUIT SECURITIES PTE. LTD.,SINGAPORE,None
CRLYSGSGCOM,390,CREDIT AGRICOLE CIB,SINGAPORE,(COMMODITY)
CRLYSGSG940,391,CREDIT AGRICOLE CIB,SINGAPORE,(OPTIM.NET - MT940)
CRLYSGSG,392,CREDIT AGRICOLE CIB,SINGAPORE,None
IASISGS1,393,CREDIT AGRICOLE CIB MERCHANT BANK ASIA LTD,SINGAPORE,None
CMCISGSG,394,CREDIT INDUSTRIEL ET COMMERCIAL - SINGAPORE BRANCH,SINGAPORE,None
CLIASGS1,395,CREDIT LYONNAIS INTERNATIONAL ASSET MANAGEMENT (S) LTD,SINGAPORE,None
ROUSSGS1,396,CREDIT LYONNAIS ROUSE (PTE) LTD.,SINGAPORE,None
CSFBSGSX,397,CREDIT SUISSE (SINGAPORE) LIMITED,SINGAPORE,None
CSFBSGSXVIS,398,CREDIT SUISSE (SINGAPORE) LIMITED,SINGAPORE,None
CRESSGSG,399,CREDIT SUISSE AG, SINGAPORE BRANCH,SINGAPORE,(SINGAPORE BRANCH)
CSPBSGSG,400,CREDIT SUISSE AG, SINGAPORE PRIVATE BANKING,SINGAPORE,None
FBSFSGS1,401,CREDIT SUISSE FIRST BOSTON (SINGAPORE) FUTURES PTE LTD.,SINGAPORE,None
CSFBSGP1,402,CREDIT SUISSE FIRST BOSTON PACIFIC LIMITED,SINGAPORE,None
CSFBSGSE,403,CREDIT SUISSE SECURITIES (SINGAPORE) PTE LIMITED,SINGAPORE,None
CSFBSGSEVIS,404,CREDIT SUISSE SECURITIES (SINGAPORE) PTE LIMITED,SINGAPORE,None
BZWPSGS1,405,CREDIT SUISSE SECURITIES (SINGAPORE) PTE. LIMITED,SINGAPORE,None
CTCBSGSG,406,CTBC BANK CO., LTD., SINGAPORE BRANCH,SINGAPORE,None
CYSSSGS1,407,CYS EXPRESS EXCHANGE PTE LTD,SINGAPORE,None
DCAGSGSGIBA,408,DAIMLER SOUTH EAST ASIA PTE.LTD.,SINGAPORE,(INDUSTRIAL ACCOUNTS)
DCAGSGSG,409,DAIMLER SOUTH EAST ASIA PTE.LTD.,SINGAPORE,None
DCAGSGSGTWN,410,DAIMLER SOUTH EAST ASIA PTE.LTD.,SINGAPORE,None
DAMLSGS1,411,DAIWA ASSET MANAGEMENT (SINGAPORE) LTD.,SINGAPORE,None
DAWASGS1,412,DAIWA CAPITAL MARKETS FUTURES PTE LTD,SINGAPORE,None
DAWSSGS1,413,DAIWA CAPITAL MARKETS INVESTMENT SERVICES PTE LTD,SINGAPORE,None
DASMSGSG,414,DAIWA CAPITAL MARKETS SINGAPORE LIMITED,SINGAPORE,None
DIRSSGS1,415,DAIWA INSTITUTE OF RESEARCH (SINGAPORE) PTE LTD,SINGAPORE,None
DICMSGS1,416,DAIWA SB INVESTMENTS (SINGAPORE) LTD.,SINGAPORE,None
DBSSSGSGDOD,417,DBS BANK LTD.,SINGAPORE,(DERIVATIVES OPERATION DEPARTMENT)
DBSSSGSGIBD,418,DBS BANK LTD.,SINGAPORE,(INVESTMENT BANKING DEPARTMENT)
DBSSSGSGLAO,419,DBS BANK LTD.,SINGAPORE,(LA REP OFFICE)
DBSSSGSGPCG,420,DBS BANK LTD.,SINGAPORE,(PCG - PRIVATE BANKING DEPARTMENT)
DBSSSGSG,421,DBS BANK LTD.,SINGAPORE,None
DBCISGS1,422,DBS CAPITAL INVESTMENTS LTD,SINGAPORE,None
DBGHSGSG,423,DBS GROUP HOLDINGS,SINGAPORE,None
DBSTSGS1,424,DBS TRADING (PTE) LTD.,SINGAPORE,None
DBSESGSG,425,DBS VICKERS SECURITIES (SINGAPORE) PTE LTD,SINGAPORE,None
DBSNSGS1,426,DBSN SERVICES PTE LTD.,SINGAPORE,None
MGAPSGS1,427,DEUTSCHE ASIA AND PARTNERS SECURITIES PTE LTD.,SINGAPORE,None
DEUTSGSREBP,428,DEUTSCHE BANK AG,SINGAPORE,(CASH ADMIN)
DEUTSGSR,429,DEUTSCHE BANK AG,SINGAPORE,(REGIONAL HEAD OFFICE)
DEUTSGSGCUS,430,DEUTSCHE BANK AG,SINGAPORE,(SINGAPORE BRANCH)
DEUTSGSGGMO,431,DEUTSCHE BANK AG,SINGAPORE,(SINGAPORE BRANCH)
DEUTSGSG,432,DEUTSCHE BANK AG,SINGAPORE,None
DEUTSGSGDIA,433,DEUTSCHE BANK AG,SINGAPORE,None
DEUTSGSP,434,DEUTSCHE BANK AG (PRIVATE BANKING),SINGAPORE,None
DKSHSGSG,435,DKSH MANAGEMENT PTE LTD,SINGAPORE,None
DNBASGSGMER,436,DNB ASIA LTD.,SINGAPORE,None
DNBASGSG,437,DNB BANK ASA, SINGAPORE BRANCH,SINGAPORE,None
DFSISGS1,438,DOW FINANCIAL SERVICES INC. SINGAPORE,SINGAPORE,None
DUETSGS1,439,DUET,SINGAPORE,None
DVKBSG31,440,DVB BANK SE,SINGAPORE,None
DVKBSGSG,441,DVB GROUP MERCHANT BANK (ASIA) LTD,SINGAPORE,None
DMACSGS1,442,DYMON ASIA CAPITAL,SINGAPORE,None
DOTISGS1,443,DYNAMIC OIL TRADING (SINGAPORE) PTE. LTD.,SINGAPORE,None
DSPTSGSG,444,DYSTAR SINGAPORE PTE LTD,SINGAPORE,None
GENOSGSG,445,DZ BANK AG, SINGAPORE BRANCH,SINGAPORE,None
ESUNSGSG,446,E.SUN COMMERCIAL BANK, LTD.,SINGAPORE,None
ETWESGS1,447,EASTERN TRUST AND WEALTH PTE LTD,SINGAPORE,None
ESINSGSG,448,EASTSPRING INVESTMENTS SINGAPORE LIMITED,SINGAPORE,None
ECIPSGS1,449,ECICS INVESTMENTS PTE LTD,SINGAPORE,None
ECMPSGS1,450,EFFISSIMO CAPITAL MANAGEMENT PTE LTD,SINGAPORE,None
EFGBSGSG,451,EFG BANK AG SINGAPORE BRANCH,SINGAPORE,None
ECGLSGS1,452,ELLIOTT AND CARMEN GROUP LLP,SINGAPORE,None
ECQLSGS1,453,ELLIOTT AND CARMEN INTERNATIONAL LLP,SINGAPORE,None
EBILSGSG,454,EMIRATES NBD BANK PJSC (ENBD),SINGAPORE,None
FIISSGS1,455,FIL INVESTMENT MANAGEMENT (SINGAPORE) LIMITED,SINGAPORE,None
FGBMSGSG,456,FIRST ABU DHABI BANK PJSC (FORMERLY NATIONAL BANK OF ABU DHABI),SINGAPORE,None
FCBKSGSG,457,FIRST COMMERCIAL BANK, LTD.,SINGAPORE,None
FRIPSGS1,458,FITCH RATINGS SINGAPORE PTE LTD.,SINGAPORE,None
FLEISGSG,459,FLEX LTD.,SINGAPORE,None
FPASSGS1,460,FPB ASIA LIMITED,SINGAPORE,None
FANLSGSG,461,FRASER AND NEAVE, LIMITED,SINGAPORE,None
FCPLSGSG,462,FRASERS CENTREPOINT LIMITED,SINGAPORE,None
THPLSGSG,463,FULLERTON (PRIVATE) LIMITED,SINGAPORE,None
FFMCSGSG,464,FULLERTON FUND MANAGEMENT COMPANY LTD,SINGAPORE,None
GANSSGS1,465,GALENA ASSET MANAGEMENT (ASIA) PTE . LTD,SINGAPORE,None
GSICSGSGBAC,466,GIC PRIVATE LIMITED,SINGAPORE,(TBC)
GSICSGSGCAC,467,GIC PRIVATE LIMITED,SINGAPORE,(TBC)
GSICSGSGHAC,468,GIC PRIVATE LIMITED,SINGAPORE,(TBC)
GSICSGSG,469,GIC PRIVATE LIMITED,SINGAPORE,None
HEPESGSG,470,GN HEARING PTE LTD,SINGAPORE,None
GSSGSGSG,471,GOLDMAN SACHS (SINGAPORE) PTE,SINGAPORE,None
GSAMSGS1,472,GOLDMAN SACHS ASSET MANAGEMENT INTL SINGAPORE,SINGAPORE,None
GSFSSGS1,473,GOLDMAN SACHS FUTURES PTE LTD,SINGAPORE,None
GOOGSGS1,474,GOOGLE ASIA PACIFIC PTE LTD,SINGAPORE,None
GCSPSGS1,475,GORDIAN CAPITAL SINGAPORE PRIVATE LIMITED,SINGAPORE,None
GOIPSGS1,476,GOWIN IBANQ PTE LTD,SINGAPORE,None
GHPESGSG,477,GRABTAXI HOLDINGS PTE. LTD.,SINGAPORE,None
GOSESGS1,478,GRAND ORIENT SECURITIES PTE LTD,SINGAPORE,None
FCFMSGS1,479,GUOCOLAND RETAIL MANAGEMENT PTE. LTD.,SINGAPORE,None
HABBSGSG,480,HABIB BANK LIMITED,SINGAPORE,None
HASESGSG,481,HANG SENG BANK LIMITED,SINGAPORE,None
HUSISGS1,482,HARLOW, UEDA, SASSOON (SINGAPORE) PRIVATE LIMITED,SINGAPORE,None
HVPASGS1,483,HAVENPORT ASSET MANAGEMENT PTE LTD,SINGAPORE,None
LMAMSGS1,484,HAVENPORT ASSET MANAGEMENT PTE LTD,SINGAPORE,None
HIPLSGSG,485,HELVETIC INVESTMENTS PTE. LTD.,SINGAPORE,None
HESISGS1,486,HEWLETT-PACKARD SINGAPORE (PRIVATE) LIMITED,SINGAPORE,None
HSSPSGS1,487,HEWLETT-PACKARD SINGAPORE (SALES) PTE LTD,SINGAPORE,None
HITLSGSG,488,HITACHI INTERNATIONAL TREASURY LTD.,SINGAPORE,None
HITLSGSGHKB,489,HITACHI INTERNATIONAL TREASURY LTD.,SINGAPORE,None
HLBBSGSG,490,HL BANK, SINGAPORE,SINGAPORE,None
HSBCSGS2,491,HSBC BANK (SINGAPORE) LIMITED,SINGAPORE,None
HSBCSGS1,492,HSBC FUTURES (SINGAPORE) PTE LIMITED,SINGAPORE,None
HSMSSGS1,493,HSBC GLOBAL ASSET MANAGEMENT (SINGAPORE) LIMITED,SINGAPORE,None
BBDASGSXGCA,494,HSBC INSTITUTIONAL TRUST SERVICES (SINGAPORE) LIMITED,SINGAPORE,(GLOBAL CUSTODY ASIA)
BBDASGSX,495,HSBC INSTITUTIONAL TRUST SERVICES (SINGAPORE) LIMITED,SINGAPORE,None
HJCSSGSG,496,HSBC SECURITIES (SINGAPORE) PTE LTD,SINGAPORE,None
HSHNSGSG,497,HSH NORDBANK AG,SINGAPORE,None
HNBKSGSG,498,HUA NAN COMMERCIAL BANK, SINGAPORE BRANCH,SINGAPORE,None
APPLSGS1,499,ICAP AP (SINGAPORE) PTE LTD,SINGAPORE,None
SBSASGSG,500,ICBC STANDARD BANK PLC, SINGAPORE BRANCH,SINGAPORE,None
ICIPSGSG,501,ICE CLEAR SINGAPORE PTE LTD,SINGAPORE,None
ICICSGSGCTS,502,ICICI BANK LIMITED,SINGAPORE,(SINGAPORE BRANCH)
ICICSGSGIPB,503,ICICI BANK LIMITED,SINGAPORE,(SINGAPORE BRANCH)
ICICSGSGMOG,504,ICICI BANK LIMITED,SINGAPORE,(SINGAPORE BRANCH)
ICICSGSGSMS,505,ICICI BANK LIMITED,SINGAPORE,(SMXCC)
ICICSGSG,506,ICICI BANK LIMITED,SINGAPORE,None
ICICSGSGCOP,507,ICICI BANK LIMITED,SINGAPORE,None
ICICSGSGRET,508,ICICI BANK LIMITED,SINGAPORE,None
IIFLSGS1,509,IIFL SECURITIES PTE LTD,SINGAPORE,None
IDIBSGSG,510,INDIAN BANK,SINGAPORE,None
IOBASGSG,511,INDIAN OVERSEAS BANK,SINGAPORE,None
ICBKSGSGCLR,512,INDUSTRIAL AND COMMERCIAL BANK OF CHINA,SINGAPORE,(RMB CLEARING BANK)
ICBKSGSG,513,INDUSTRIAL AND COMMERCIAL BANK OF CHINA,SINGAPORE,None
INAASGS1,514,ING ASSET MANAGEMENT (SINGAPORE) LTD,SINGAPORE,None
INGBSGSG,515,ING BANK N.V.,SINGAPORE,None
INBNSGS1,516,ING BARINGS SINGAPORE,SINGAPORE,None
INGFSGS1,517,ING FUTURES AND OPTIONS (SINGAPORE) PTE LTD.,SINGAPORE,None
ISATSGS1,518,INSTINCT ASSET MANAGEMENT,SINGAPORE,None
ISSPSGS1,519,INSTINET SINGAPORE SERVICES PTE LTD,SINGAPORE,None
HIEESGSG,520,INTERNATIONAL EXCHANGE CO (SINGAPORE) PTE LTD,SINGAPORE,None
ISOSSGSG,521,INTERNATIONAL SOS PTE LTD,SINGAPORE,None
BCITSGSG,522,INTESA SANPAOLO S.P.A. (FORMER SANPAOLO IMI), SINGAPORE BRANCH, SINGAPORE,SINGAPORE,None
GTMGSGS1,523,INVESCO ASSET MANAGEMENT SINGAPORE LTD,SINGAPORE,None
PBOCSGSG,524,INVESTMENT COMPANY OF THE PEOPLE'S REPUBLIC OF CHINA (SINGAPORE) PTE LTD., SINGAPORE,SINGAPORE,None
IPPPSGS1,525,IPP FINANCIAL ADVISERS PTE. LTD.,SINGAPORE,None
ICISSGS1,526,ITOCHU CAPITAL AND INVESTMENT (ASIA) LIMITED,SINGAPORE,None
IVCPSGS1,527,IVALDI CAPITAL PTE. LTD,SINGAPORE,None
IVHPSGS1,528,IVENIO HOLDINGS PTE LTD,SINGAPORE,None
CMSESGSGKEY,529,J.P. MORGAN (S.E.A.) LIMITED,SINGAPORE,(TEST KEY AND BKE ADMINISTRATION)
CMSESGSG,530,J.P. MORGAN (S.E.A.) LIMITED,SINGAPORE,None
JPSESGS1,531,J.P. MORGAN SECURITES SINGAPORE PRIVATE LIMITED,SINGAPORE,None
JPMSSGS1,532,J.P. MORGAN SECURITIES ASIA PRIVATE LIMITED,SINGAPORE,None
JFSSSGS1,533,JARDINE FLEMING SINGAPORE SECURITIES PTE LTD.,SINGAPORE,None
CPPESGS1,534,JL CAPITAL PTE LTD,SINGAPORE,None
JPTESGS1,535,JOHNSON 1888 PTE LTD,SINGAPORE,None
CHASSGSP,536,JP MORGAN CHASE BANK NA, SINGAPORE PRIVATE BANK,SINGAPORE,None
MFCSSGS1,537,JP MORGAN FUTURES INC.,SINGAPORE,None
CHASSGSGTRO,538,JPMORGAN CHASE BANK, N.A.,SINGAPORE,(FX TRADER SUPPORT, SINGAPORE)
CHASSGSGPBI,539,JPMORGAN CHASE BANK, N.A.,SINGAPORE,(PRIVATE BANKING DEPARTMENT)
CHASSGSGKEY,540,JPMORGAN CHASE BANK, N.A.,SINGAPORE,(TEST KEY AND BKE ADMINISTRATION)
CHASSGSG,541,JPMORGAN CHASE BANK, N.A.,SINGAPORE,None
NKMSSGS1,542,KANKAKU (SINGAPORE) LIMITED,SINGAPORE,None
KREDSGSX,543,KBC BANK SINGAPORE BRANCH,SINGAPORE,None
KOEXSGSG,544,KEB HANA BANK SINGAPORE BRANCH,SINGAPORE,None
KEPPSGS1,545,KEPPEL BULLION AND FUTURES PTE LTD.,SINGAPORE,None
KEPCSGSG,546,KEPPEL CORPORATION LIMITED,SINGAPORE,None
KEPSSGS1,547,KEPPEL SECURITIES PTE LTD.,SINGAPORE,None
KSIGSGSG,548,KEYSIGHT TECHNOLOGIES SINGAPORE (HOLDINGS) PTE LTD,SINGAPORE,None
SAPTSGS1,549,KHATTAR CAPITAL INTERNATIONAL PTE. LTD.,SINGAPORE,None
KMEFSGS1,550,KIM ENG FUTURES PTE LTD.,SINGAPORE,None
KMESSGS1,551,KIM ENG SECURITIES PTE. LTD.,SINGAPORE,None
KJLSSGS1,552,KIMCO JAPAN LONG SHORT,SINGAPORE,None
KIMCSGS1,553,KIMCO MAC,SINGAPORE,None
KBRASGS1,554,KLEINWORT BENSON RESEARCH (ASIA) PTE LTD,SINGAPORE,None
KRTHSGSG,555,KRUNG THAI BANK PLC, SINGAPORE BRAN CH,SINGAPORE,None
KUSPSGSG,556,KULICKE AND SOFFA PTE LTD,SINGAPORE,None
LREPSGS1,557,LABRADOR REAL ESTATE PTE. LTD.,SINGAPORE,None
LBOTSGSG,558,LAND BANK OF TAIWAN, SINGAPORE BRANCH,SINGAPORE,None
SOLASGSG,559,LANDESBANK BADEN-WUERTTEMBERG,SINGAPORE,None
LEECSGS1,560,LEE AND CO (STOCK AND SHARE BROKERS) PTE LTD.,SINGAPORE,None
LBCASGS1,561,LEHMAN BROTHERS CAPITAL ASIA PTE. LTD,SINGAPORE,None
LEBPSGS1,562,LEHMAN BROTHERS PTE LTD,SINGAPORE,None
LSINSGS1,563,LEHMAN BROTHERS PTE LTD.,SINGAPORE,None
LBPSSGS1,564,LEHMAN BROTHERS SINGAPORE PTE LTD,SINGAPORE,None
LGDTSGS1,565,LG DISPLAY SINGAPORE PTE. LTD.,SINGAPORE,None
BLFLSGSGEXC,566,LGT BANK (SINGAPORE) LTD.,SINGAPORE,(EX CUSTODY)
BLFLSGSG,567,LGT BANK (SINGAPORE) LTD.,SINGAPORE,None
LHIVSGL1,568,LIANHE INVESTMENTS PTE. LTD,SINGAPORE,None
LIMTSGS1,569,LIM AND TAN SECURITIES PTE LTD,SINGAPORE,None
OAMLSGSG,570,LION GLOBAL INVESTORS LTD,SINGAPORE,None
LOYDSGSAMKT,571,LLOYDS BANK PLC, SINGAPORE,SINGAPORE,(MONEY MARKETS)
LOYDSGSATRD,572,LLOYDS BANK PLC, SINGAPORE,SINGAPORE,(TRADE SERVICES)
LLCMSGSAMKT,573,LLOYDS BANK PLC, SINGAPORE,SINGAPORE,None
LLCMSGSATRD,574,LLOYDS BANK PLC, SINGAPORE,SINGAPORE,None
LOYDSGSA,575,LLOYDS BANK PLC, SINGAPORE,SINGAPORE,None
LOYDSGSG,576,LLOYDS BANK PLC, SINGAPORE,SINGAPORE,None
HSAMSGS1,577,LLOYDS MERCHANT BANK ASIA LTD,SINGAPORE,None
LOCYSGSGNDP,578,LOMBARD ODIER (SINGAPORE) LTD,SINGAPORE,(NDP DEPT)
LOCYSGSG,579,LOMBARD ODIER (SINGAPORE) LTD,SINGAPORE,None
LTSPSGS1,580,LSI TECHNOLOGIES SINGAPORE PTE. LTD.,SINGAPORE,None
LMBSSGS1,581,LTCB MERCHANT BANK (SINGAPORE) LIMITED,SINGAPORE,None
LUMCSGS1,582,LUM CHANG SECURITIES PTE LTD.,SINGAPORE,None
MACQSGSG,583,MACQUARIE BANK LIMITED, SINGAPORE BRANCH,SINGAPORE,None
BSSLSGS1,584,MACQUARIE CAPITAL SECURITIES (SINGAPORE) PTE LTD,SINGAPORE,None
MBBESGSGRWM,585,MALAYAN BANKING BERHAD,SINGAPORE,(REGIONAL WEALTH MANAGEMENT)
MBBESGSG,586,MALAYAN BANKING BERHAD,SINGAPORE,None
MFCTSGSG,587,MANULIFE (SINGAPORE) PTE. LTD,SINGAPORE,None
MSMNSGS1,588,MANULIFE ASSET MANAGEMENT (SINGAPORE) PTE. LTD,SINGAPORE,None
MRSPSGS1,589,MARKETAXESS SINGAPORE PTE. LIMITED,SINGAPORE,None
BIEMSGS1,590,MARTIN-BIERBAUM (SINGAPORE) PRIVATE LIMITED,SINGAPORE,None
MKEESGS1,591,MAYBANK KIM ENG SECURITIES PTE LTD,SINGAPORE,None
MSMPSGS1,592,MAYWOOD ASSET MANAGEMENT PTE. LTD.,SINGAPORE,None
MSMPSGSG,593,MAYWOOD ASSET MANAGEMENT PTE. LTD.,SINGAPORE,None
MMBSSGS1,594,MBL MERCHANT BANK (SINGAPORE) LIMITED,SINGAPORE,None
MDCPSGSG,595,M-DAQ CASHPORT PTE LTD,SINGAPORE,None
ICBCSGSG,596,MEGA INTERNATIONAL COMMERCIAL BANK CO., LTD., SINGAPORE BRANCH,SINGAPORE,None
DFISSGSG,597,MERCEDES-BENZ FINANCIAL SERVICES SINGAPORE PTE LTD,SINGAPORE,None
MLSSSGSG,598,MERRILL LYNCH (SINGAPORE) PTE. LTD.,SINGAPORE,None
MLSSSGSGIND,599,MERRILL LYNCH (SINGAPORE) PTE. LTD.,SINGAPORE,None
MLMSSGSG,600,MERRILL LYNCH MARKETS SINGAPORE PTE. LTD.,SINGAPORE,None
MLFSSGS1,601,MERRILL LYNCH SINGAPORE COMMODITIES PTE. LTD.,SINGAPORE,None
MFGLSGS1,602,MF GLOBAL SINGAPORE PTE. LIMITED,SINGAPORE,None
SCFTSGS1,603,MF GLOBAL SINGAPORE PTE. LIMITED,SINGAPORE,None
MGGPSGS1,604,MGEC GROUP PTE LTD,SINGAPORE,None
MISTSGS1,605,MILLENNIUM SECURITIES PTE LTD,SINGAPORE,None
MINXSGS1,606,MINEX CORPORATION SINGAPORE PTE LTD,SINGAPORE,None
BOISSGS1,607,MITSUBISHI UFJ SECURITIES (SINGAPORE), LIMITED,SINGAPORE,None
MTBCSGSG,608,MITSUBISHI UFJ TRUST AND BANKING CORPORATION,SINGAPORE,None
MHCBSGSG,609,MIZUHO BANK, LTD. SINGAPORE BRANCH,SINGAPORE,None
FUJISGS1,610,MIZUHO FUTURES (SINGAPORE) PTE LTD,SINGAPORE,None
MASGSGSM,611,MONETARY AUTHORITY OF SINGAPORE (THE),SINGAPORE,None
MASGSGSG,612,MONETARY AUTHORITY OF SINGAPORE, THE,SINGAPORE,None
MOITSGS1,613,MOODY'S SINGAPORE PTE LTD,SINGAPORE,None
MSSASGSGCTR,614,MORGAN STANLEY ASIA INTERNATIONAL LIMITED,SINGAPORE,(MORGAN STANLEY AG, SINGAPORE BRANCH - FX TREASURY)
MSSASGSG,615,MORGAN STANLEY ASIA INTERNATIONAL LIMITED,SINGAPORE,None
MSAMSGSX,616,MORGAN STANLEY INVESTMENT MANAGEMENT COMPANY,SINGAPORE,None
ROTHSGS1,617,N.M. ROTHSCHILD AND SONS (SINGAPORE) LIMITED,SINGAPORE,None
NATASGSG,618,NATIONAL AUSTRALIA BANK,SINGAPORE,None
NBOKSGSG,619,NATIONAL BANK OF KUWAIT S.A.K.P,SINGAPORE,None
NATXSGSG,620,NATIXIS,SINGAPORE,None
NATWSGS1,621,NATWEST FUTURES (ASIA) PTE LTD.,SINGAPORE,None
NJMBSGS1,622,NEW JAPAN MECHANT BANK (SINGAPORE) LIMITED,SINGAPORE,None
NJSCSGS1,623,NEW JAPAN SECURITIES,SINGAPORE,None
DNIBSGS1,624,NIBC BANK LTD.,SINGAPORE,None
NIKESG21,625,NIKE GLOBAL TRADING B.V. SINGAPORE BRANCH,SINGAPORE,None
NGTPSGS1,626,NIKE GLOBAL TRADING PTE LTD,SINGAPORE,None
NIKESGS1,627,NIKE SINGAPORE PTE LTD,SINGAPORE,None
NCMSSGS1,628,NIKKO ASSET MANAGEMENT SINGAPORE LIMITED,SINGAPORE,None
NIKOSGS1,629,NIKKO FUTURES (SINGAPORE) PTE LTD., THE,SINGAPORE,None
NIKKSGS1,630,NIKKO SECURITIES (SINGAPORE) PTE LTD.,THE,SINGAPORE,None
NCBTSGS1,631,NIPPON CREDIT BANK LTD., THE,SINGAPORE,None
MSPLSGS1,632,NITTAN MARSHALLS (SINGAPORE) PTE LTD.,SINGAPORE,None
NOEPSGS1,633,NOBLE RESOURCES PTE. LTD,SINGAPORE,None
NOCMSGSG,634,NOMURA ASSET MANAGEMENT SINGAPORE LTD,SINGAPORE,None
NOMRSGS1,635,NOMURA FUTURES (SINGAPORE) PTE LTD,SINGAPORE,None
NOISSGSG,636,NOMURA INVESTMENTS (SINGAPORE) PTE,SINGAPORE,None
NRISSGS1,637,NOMURA RESEARCH INSTITUTE (SINGAPORE) PRIVATE LIMITED,SINGAPORE,None
NOMSSGS1,638,NOMURA SECURITIES SINGAPORE PTE LTD,SINGAPORE,None
SNOMSGL1,639,NOMURA SINGAPORE LIMITED,SINGAPORE,None
SNOMSGSG,640,NOMURA SINGAPORE LIMITED,SINGAPORE,None
NOLASGSG,641,NORDDEUTSCHE LANDESBANK GIROZENTRALE,SINGAPORE,None
NDEASGSG,642,NORDEA BANK AB SINGAPORE BRANCH,SINGAPORE,None
NDPBSGSG,643,NORDEA BANK SA SINGAPORE BRANCH,SINGAPORE,None
NOCUSGSG,644,NORINCHUKIN BANK, THE,SINGAPORE,(SINGAPORE BRANCH)
CNORSGSG,645,NORTHERN TRUST COMPANY,SINGAPORE,None
NIICSGS1,646,NTUC INCOME INSURANCE CO-OPERATIVE LIMITED,SINGAPORE,None
NIICSGSA,647,NTUC INCOME INSURANCE CO-OPERATIVE LIMITED,SINGAPORE,None
BFESSGS1,648,O.W. BUNKER FAR EAST (SINGAPORE) PTE. LTD,SINGAPORE,None
OCBCSGS1,649,OCBC BULLION AND FUTURES LTD.,SINGAPORE,None
OIRPSGS1,650,OCBC INVESTMENT RESEARCH PRIVATE LIMITED,SINGAPORE,None
OCNPSGS1,651,OCBC NOMINEE PTE LIMITED,SINGAPORE,None
OCSESGS1,652,OCBC SECURITIES PRIVATE LIMITED,SINGAPORE,None
OCSPSGSG,653,OCBC SECURITIES PRIVATE LIMITED,SINGAPORE,None
ONGCSGS1,654,ONG AND COMPANY PRIVATE LIMITED,SINGAPORE,None
ONCOSGS1,655,ONG AND COMPANY PTE LTD.,SINGAPORE,None
OFCFSGS1,656,ONG FIRST TRADITION PTE. LTD,SINGAPORE,None
ONRPSGS1,657,ONG RESEARCH PTE LTD,SINGAPORE,None
OUBFSGS1,658,OUB BULLION AND FUTURES LTD.,SINGAPORE,None
OUSPSGS1,659,OUB SECURITIES PTE LTD.,SINGAPORE,None
OCBCSGSGGCF,660,OVERSEA-CHINESE BANKING CORPORATION LIMITED,SINGAPORE,(GLOBAL COMMODITY FINANCE)
OCBCSGSG,661,OVERSEA-CHINESE BANKING CORPORATION LIMITED,SINGAPORE,None
OCBCSGSGBRN,662,OVERSEA-CHINESE BANKING CORPORATION LIMITED,SINGAPORE,None
OWWMSGS1,663,OWW CAPITAL PARTNERS PTE. LTD,SINGAPORE,None
PAPPSGS1,664,PAA CAPITAL PTE LIMITED,SINGAPORE,None
PSPLSGS1,665,PAMA (SINGAPORE) PRIVATE LIMITED,SINGAPORE,None
PANASGS1,666,PANASONIC ASIA PACIFIC PTE. LTD.,SINGAPORE,None
PPBASGS1,667,PARIBAS PRIVATE BANKING ASIA LIMITED,SINGAPORE,None
PMCCSGS1,668,PARKWAY MUNDA CAPITAL CORPORATION,SINGAPORE,None
PAVPSGS1,669,PAYPRO SVF PTE LTD,SINGAPORE,None
PEAFSGS1,670,PEGASUS ASIA FUND,SINGAPORE,None
PETASGS1,671,PEGASUS TAIWAN,SINGAPORE,None
PSSPSGS1,672,PEREGRINE SECURITIES SINGAPORE PTE LTD,SINGAPORE,None
PINPSGSG,673,PETREDEC INTERNATIONAL PTE LTD FINANCIAL DEPARTMENT,SINGAPORE,None
PAMASGS1,674,PHEIM ASSET MANAGEMENT (ASIA) PTE LTD,SINGAPORE,None
PNBMSGSG,675,PHILIPPINE NATIONAL BANK-SINGAPORE,SINGAPORE,None
PHFUSGS1,676,PHILLIP FUTURES PTE. LTD.,SINGAPORE,None
PHSESGS1,677,PHILLIP SECURITIES PTE LTD,SINGAPORE,None
PSRPSGS1,678,PHILLIP SECURITIES RESEARCH PTE LTD,SINGAPORE,None
POEGSGS1,679,POWERGAS LIMITED,SINGAPORE,None
PPPLSGSG,680,PROA PARTNERS PTE LTD,SINGAPORE,None
PAMGSGS1,681,PRUDENTIAL ASSET MANAGEMENT SINGAPORE LTD,SINGAPORE,None
PPMLSGS1,682,PRUDENTIAL PORTFOLIO MANAGERS SINGAPORE LIMITED,SINGAPORE,None
PBFASGS1,683,PRUDENTIAL-BACHE FUTURES ASIA PACIFIC LTD.,SINGAPORE,None
BRINSGSG,684,PT. BANK RAKYAT INDONESIA (PERSERO) TBK., SINGAPORE BRANCH,SINGAPORE,None
PURESGS1,685,PURE COMMERCE (S) PTE LTD,SINGAPORE,None
QNBASGSG,686,QATAR NATIONAL BANK QNB,SINGAPORE,None
RABOSGSG,687,RABOBANK SINGAPORE,SINGAPORE,None
SCBLSG21,688,RAFFLES NOMINEES (PTE.) LIMITED,SINGAPORE,None
RZBASGS1,689,RAIFFEISEN BANK INTERNATIONAL AG SINGAPORE BRANCH,SINGAPORE,None
DTSSSGSG,690,RBC INVESTOR SERVICES TRUST SINGAPORE LIMITED,SINGAPORE,None
REFCSGS1,691,REFCO (SINGAPORE) PTE LTD.,SINGAPORE,None
RAAPSGS1,692,RELIANCE ASSET MANAGEMENT (SG) PTE LTD,SINGAPORE,None
BLICSGS1,693,REPUBLIC NATIONAL BANK OF NEW YORK (SINGAPORE)LIMITED,SINGAPORE,None
AFCMSGSG,694,RESONA MERCHANT BANK ASIA LIMITED,SINGAPORE,None
RTSLSGS1,695,REUTERS TRANSACTION SERVICES LIMITED,SINGAPORE,None
RHBBSGSG,696,RHB BANK BERHAD,SINGAPORE,(MAIN BRANCH)
DASPSGS1,697,RHB SECURITIES SINGAPORE PTE LTD,SINGAPORE,None
RHBCSGS1,698,RHB-CATHAY SECURITIES PTE LTD.,SINGAPORE,None
OGSLSGS1,699,RICHARD CHANDLER SINGAPORE PTE LTD,SINGAPORE,None
ROAMSGS1,700,ROTHSCHILD ASSET MANAGEMENT (S) LTD,SINGAPORE,None
RBFFSGS1,701,ROTHSCHILD BULLION AND FINANCIAL FUTURES PTE LTD.,SINGAPORE,None
RVAPSGS1,702,ROTHSCHILD VENTURES ASIA PTE LTD,SINGAPORE,None
ROYCSGSGGSS,703,ROYAL BANK OF CANADA,SINGAPORE,(WEALTH MANAGEMENT)
ROYCSGSG,704,ROYAL BANK OF CANADA,SINGAPORE,None
RBOSSGSGEQT,705,ROYAL BANK OF SCOTLAND PLC,SINGAPORE,(SINGAPORE ASIA MERCHANT DEPT)
RBOSSGSG,706,ROYAL BANK OF SCOTLAND PLC,SINGAPORE,None
RBOSSGSGNWB,707,ROYAL BANK OF SCOTLAND PLC,SINGAPORE,None
RBOSSGSGRSI,708,ROYAL BANK OF SCOTLAND PLC,SINGAPORE,None
SWHQSGSG,709,S.W.I.F.T,SINGAPORE,None
INLLSGS1,710,SAL INDUSTRIAL LEASING LIMITED,SINGAPORE,None
SECTSGS1540,711,SAMSUNG ASIA PTE LTD.,SINGAPORE,(SAPL)
SECTSGS1,712,SAMSUNG ASIA PTE LTD.,SINGAPORE,None
SASGSGS1,713,SAMSUNG ASSET MANAGEMENT(SINGAPORE) PTE. LTD.,SINGAPORE,None
SCNTSGS1,714,SAMSUNG C AND T SINGAPORE PTE. LTD.,SINGAPORE,None
SSIPSGS1,715,SAMSUNG SECURITIES (SINGAPORE) PTE LIMITED,SINGAPORE,None
SAIVSGS1,716,SANTANDER INVESTMENT SERVICES,SINGAPORE,None
SFSTSGS1,717,SANWA FUTURES (SINGAPORE) PTE LTD,SINGAPORE,None
SAMKSGS1,718,SANYO MERCHANT BANK LTD,SINGAPORE,None
SASSSGS1,719,SASSOON FINANCIAL FUTURES PTE LTD.,SINGAPORE,None
ASSSSGS1,720,SBCI AND ASSOCIATES PTE LTD.,SINGAPORE,None
SALISGSG,721,SCHRODER AND CO (ASIA) LTD,SINGAPORE,None
SIMNSGSG,722,SCHRODER INVESTMENT MANAGEMENT (SINGAPORE) LTD,SINGAPORE,None
SSSPSGS1,723,SCHRODER SECURITIES (SINGAPORE) PTE LTD,SINGAPORE,None
SVMPSGS1,724,SEED VENTURES MANAGEMENT PTE LTD,SINGAPORE,None
SECESGS1,725,SEMBAWANG CAPITAL PTE LTD,SINGAPORE,None
SEBUSGS1,726,SEPL-PULAU BUKOM,SINGAPORE,None
SGAMSGS1,727,SG ASSET MANAGEMENT (SINGAPORE) LTD,SINGAPORE,None
SGSCSGS1,728,SG SECURITIES (SINGAPORE) CUSTODIAL SERVICES PTE LTD,SINGAPORE,None
SGSESGSG,729,SG SECURITIES (SINGAPORE) PTE LTD,SINGAPORE,None
SPDBSGSG,730,SHANGHAI PUDONG DEVELOPMENT BANK CO.,LTD,SINGAPORE,None
SEPPSGS1,731,SHELL EASTERN PETROLEUM PTE LTD,SINGAPORE,None
SHBKSGSG,732,SHINHAN BANK, SINGAPORE BRANCH,SINGAPORE,None
SICOSGSG,733,SIAM COMMERCIAL BANK PCL, THE,SINGAPORE,None
SIEESGS1,734,SILVER METIS,SINGAPORE,None
XSCESGS1,735,SINGAPORE COMMODITY EXCHANGE LTD,SINGAPORE,None
SPDCSGS1,736,SINGAPORE DISTRICT COOLING PTE LTD,SINGAPORE,None
XSIMSGSG,737,SINGAPORE EXCHANGE DERIVATIVES CLEARING LIMITED,SINGAPORE,None
XSESSGS1,738,SINGAPORE EXCHANGE LIMITED,SINGAPORE,None
XSESSGS2,739,SINGAPORE EXCHANGE LIMITED,SINGAPORE,None
SIPGSGS1,740,SINGAPORE INSTITUTE OF POWER AND GAS PTE. LTD.,SINGAPORE,None
SPLPSGS1,741,SINGAPORE POWER INTERNATIONAL PTE LTD,SINGAPORE,None
SGPLSGSG,742,SINGAPORE POWER LIMITED,SINGAPORE,None
BSTHSGSG,743,SIVANTOS PTE. LTD.,SINGAPORE,None
ESSESGSG,744,SKANDINAVISKA ENSKILDA BANKEN AB (PUBL),SINGAPORE,(SINGAPORE BRANCH)
ESSESGSGCLS,745,SKANDINAVISKA ENSKILDA BANKEN AB (PUBL),SINGAPORE,None
ESSESGSP,746,SKANDINAVISKA ENSKILDA BANKEN S.A.,SINGAPORE,None
NKSCSGSG,747,SMBC NIKKO SECURITIES (SINGAPORE) PTE. LTD.,SINGAPORE,None
SNCOSGS1,748,SMITH NEW COURT (SINGAPORE) PTE LTD.,SINGAPORE,None
SNCPSGS1,749,SMITH NEW COURT SECURITIES PTE LTD.,SINGAPORE,None
SMRCSGSG,750,SMRT CAPITAL PTE. LTD.,SINGAPORE,None
SOGESGSG,751,SOCIETE GENERALE,SINGAPORE,None
SGBTSGS1,752,SOCIETE GENERALE BANK AND TRUST, SINGAPORE BRANCH,SINGAPORE,None
CTLISGS1,753,SP CAPITAL LIMITED,SINGAPORE,None
DIPTSGS1,754,SP DIGITAL PTE. LTD.,SINGAPORE,None
ERPTSGS1,755,SP ERESOURCES PTE LTD,SINGAPORE,None
GSPTSGS1,756,SP GLOBAL SOLUTION PTE. LTD.,SINGAPORE,None
INPDSGS1,757,SP INNOVATION PTE.LTD.,SINGAPORE,None
ONPTSGS1,758,SP ONE PTE. LTD.,SINGAPORE,None
POWASGS1,759,SP POWERASSETS LIMITED,SINGAPORE,None
TLTTSGS1,760,SP POWERASSETS LIMITED (AS TRUSTEE MANAGER OF SP CROSS ISLAND TUNNEL TRUST),SINGAPORE,None
POWGSGS1,761,SP POWERGRID LIMITED,SINGAPORE,None
SRVCSGS1,762,SP SERVICES LIMITED,SINGAPORE,None
TELPSGS1,763,SP TELECOMMUNICATIONS PTE LTD,SINGAPORE,None
TCOCSGS1,764,SP TRAINING AND CONSULTANCY COMPANY PTE. LTD.,SINGAPORE,None
SMPTSGS1,765,SPCOMM PTE. LTD.,SINGAPORE,None
SCNESGS1,766,SPCONNECT PTE. LTD.,SINGAPORE,None
SNIESGS1,767,SPI ENERGY INVESTMENTS PTE. LTD.,SINGAPORE,None
SPYTSGS1,768,SPL PROPERTY PTE. LTD.,SINGAPORE,None
STNPSGS1,769,SPT NET PTE. LTD.,SINGAPORE,None
CAPASGS1,770,ST CAPITAL LIMITED,SINGAPORE,None
SCMASGS1,771,STANDARD CHARTERED (2000) LIMITED,SINGAPORE,None
SCBLSGSGCDP,772,STANDARD CHARTERED BANK,SINGAPORE,(COMMON DEPOSITORY)
SCBLSGSGZOP,773,STANDARD CHARTERED BANK,SINGAPORE,(FM ASSET SERVICING)
SCBLSGS1ZLA,774,STANDARD CHARTERED BANK,SINGAPORE,(LOANS DEPARTMENT)
SCBLSGSGFTL,775,STANDARD CHARTERED BANK,SINGAPORE,(LRM)
SCBLSGSGGPE,776,STANDARD CHARTERED BANK,SINGAPORE,(SECURITIES SERVICES - GLOBAL PROCESSING ENTITY)
SCBLSGSGZPB,777,STANDARD CHARTERED BANK,SINGAPORE,(SINGAPORE PRIVATE BANK)
SCBLSGSG,778,STANDARD CHARTERED BANK,SINGAPORE,None
SCBLSGSGEQI,779,STANDARD CHARTERED BANK,SINGAPORE,None
SCBLSGSGFIN,780,STANDARD CHARTERED BANK,SINGAPORE,None
SCBLSG22,781,STANDARD CHARTERED BANK (SINGAPORE) LIMITED,SINGAPORE,None
SBINSGSG,782,STATE BANK OF INDIA,SINGAPORE,None
SBOSSGSXAGE,783,STATE STREET BANK AND TRUST COMPANY, SINGAPORE BRANCH,SINGAPORE,(INVESTMENT OPERATIONS DIVISION)
SBOSSGSXAGC,784,STATE STREET BANK AND TRUST COMPANY, SINGAPORE BRANCH,SINGAPORE,(INVESTMENT SERVICES DIVISION)
SBOSSGSXAGD,785,STATE STREET BANK AND TRUST COMPANY, SINGAPORE BRANCH,SINGAPORE,(INVESTMENT SERVICES DIVISION)
SBOSSGSXTAD,786,STATE STREET BANK AND TRUST COMPANY, SINGAPORE BRANCH,SINGAPORE,(TRANSFER AGENCY SINGAPORE)
SBOSSGSX,787,STATE STREET BANK AND TRUST COMPANY, SINGAPORE BRANCH,SINGAPORE,None
SSGASG21,788,STATE STREET GLOBAL ADVISORS SINGAPORE LIMITED,SINGAPORE,None
SAMPSGS1,789,SUEZ APAC MANAGEMENT (S) PTE LTD,SINGAPORE,None
SMBCSGSG,790,SUMITOMO MITSUI BANKING CORPORATION,SINGAPORE,None
STBCSGSG,791,SUMITOMO MITSUI TRUST BANK, LIMITED,SINGAPORE,None
SUSESGS1,792,SUMMIT SECURITIES PTE LTD.,SINGAPORE,None
SUHKSGS1,793,SUN HUNG KAI BULLION AND FUTURES PTE LTD,SINGAPORE,None
SHKESGS1,794,SUN HUNG KAI SECURITIES PTE LTD,SINGAPORE,None
HANDSGSG,795,SVENSKA HANDELSBANKEN, SINGAPORE BRANCH,SINGAPORE,None
SSIVSG21,796,SWISS ASIA FINANCIAL SERVICES PTE LTD,SINGAPORE,None
SWRESGS1,797,SWISS REINSURANCE COMPANY, SINGAPORE BRANCH,SINGAPORE,None
SYMHSGS1,798,SYMPHONY,SINGAPORE,None
TPBKSGSG,799,TAIPEI FUBON COMMERCIAL BANK CO.,LTD,SINGAPORE,None
TSIBSGSG,800,TAISHIN INTERNATIONAL BANK CO.,LTD. SINGAPORE BRANCH,SINGAPORE,None
TATESGS1,801,TAT LEE SECURITIES PTE LTD.,SINGAPORE,None
TEHOSGS1,802,TEMASEK HOLDINGS (PRIVATE) LIMITED,SINGAPORE,None
TIMISGSG,803,TEMPLETON ASSET MANAGEMENT LTD,SINGAPORE,None
TIMISGSGBEM,804,TEMPLETON ASSET MANAGEMENT LTD,SINGAPORE,None
BEASSGSG,805,THE BANK OF EAST ASIA LIMITED,SINGAPORE,None
IRVTSGSX,806,THE BANK OF NEW YORK MELLON, SINGAPORE BRANCH,SINGAPORE,None
NOSCSGSG,807,THE BANK OF NOVA SCOTIA, SINGAPORE BRANCH,SINGAPORE,None
NOSCSGSGGFI,808,THE BANK OF NOVA SCOTIA, SINGAPORE BRANCH,SINGAPORE,None
NOSCSGSGIMM,809,THE BANK OF NOVA SCOTIA, SINGAPORE BRANCH,SINGAPORE,None
CDPLSGSG,810,THE CENTRAL DEPOSITORY (PTE) LIMITED,SINGAPORE,None
CDPLSGSH,811,THE CENTRAL DEPOSITORY (PTE) LTD,SINGAPORE,None
HKOKSGSG,812,THE HOKKOKU BANK,LTD,SINGAPORE,None
HSBCSGSGCLS,813,THE HONGKONG AND SHANGHAI BANKING CORPORATION LIMITED,SINGAPORE,(CLS DIVISION)
HSBCSGSGCNC,814,THE HONGKONG AND SHANGHAI BANKING CORPORATION LIMITED,SINGAPORE,(CUSTODY AND CLEARING)
HSBCSGSGGWS,815,THE HONGKONG AND SHANGHAI BANKING CORPORATION LIMITED,SINGAPORE,(GLOBAL WEALTH SOLUTION)
HSBCSGSGPBD,816,THE HONGKONG AND SHANGHAI BANKING CORPORATION LIMITED,SINGAPORE,(PRIVATE BANKING DIVISION)
HSBCSGSGWBS,817,THE HONGKONG AND SHANGHAI BANKING CORPORATION LIMITED,SINGAPORE,(SD WEALTH)
HSBCSGSGFEX,818,THE HONGKONG AND SHANGHAI BANKING CORPORATION LIMITED,SINGAPORE,(TREASURY SETTLEMENT OPERATIONS)
HSBCSGSG,819,THE HONGKONG AND SHANGHAI BANKING CORPORATION LIMITED,SINGAPORE,None
TIBASGSG,820,THE ISLAMIC BANK OF ASIA LIMITED,SINGAPORE,None
IYOBSGSG,821,THE IYO BANK, LTD. SINGAPORE BRANCH,SINGAPORE,None
KODBSGSG,822,THE KOREA DEVELOPMENT BANK,SINGAPORE BRANCH,SINGAPORE,(SINGAPORE BRANCH)
AASLSG21,823,THE ROYAL BANK OF SCOTLAND ASIA SECURITIES (SINGAPORE) PTE LIMITED,SINGAPORE,None
ABNASGSGAOA,824,THE ROYAL BANK OF SCOTLAND PLC SINGAPORE (FORMERLY KNOWN AS RBS NV),SINGAPORE,(ACCESS ONLINE ASIA)
ABNASGSG,825,THE ROYAL BANK OF SCOTLAND PLC SINGAPORE (FORMERLY KNOWN AS RBS NV),SINGAPORE,None
SCSBSGSG,826,THE SHANGHAI COMMERCIAL AND SAVINGS BANK, LTD.,SINGAPORE,None
TLBFSGS1,827,TLB BULLION AND FUTURES PTE LTD.,SINGAPORE,None
TMAJSGS1,828,TOKIO MARINE ASSET MANAGEMENT INTERNATIONAL PTE. LTD,SINGAPORE,None
TDOMSG2S,829,TORONTO DOMINION (SOUTH EAST ASIA) LTD.,SINGAPORE,None
TDOMSGSG,830,TORONTO DOMINION BANK,SINGAPORE,None
OTSPSGS1,831,TRADITION SINGAPORE (PTE) LTD,SINGAPORE,None
TRCPSGS1,832,TRANSPAC CAPITAL PTE LTD,SINGAPORE,None
TVMPSGS1,833,TRANSTECH VENTURE MANAGEMENT PRIVATE LIMITED,SINGAPORE,None
TSANSGS1,834,TSANG AND ONG STOCKBROKERS (PTE) LTD.,SINGAPORE,None
TORPSGS1,835,TSANG AND ONG STOCKBROKERS PTE LTD.,SINGAPORE,None
TTDPSGS1,836,TULLETT LIBERTY PTE. LTD.,SINGAPORE,None
PRYLSGS1,837,TULLETT PREBON (SINGAPORE) LIMITED,SINGAPORE,None
UBAFSGSX,838,U.B.A.F. - UNION DE BANQUES ARABES ET FRANCAISES,SINGAPORE,None
UBSWSGSGCLS,839,UBS AG SINGAPORE BRANCH,SINGAPORE,(CLS BUSINNESS ONLY)
UBSWSGSG,840,UBS AG SINGAPORE BRANCH,SINGAPORE,(SINGAPORE BRANCH)
UBSWSGSGCIC,841,UBS AG SINGAPORE BRANCH,SINGAPORE,(SWIFT FOR CORPORATE)
UBSASGSG,842,UBS ASSET MANAGEMENT (SINGAPORE) LTD,SINGAPORE,None
ABNASGF1,843,UBS FUTURES SINGAPORE LTD.,SINGAPORE,None
WSSPSGS1,844,UBS SECURITIES PTE. LTD.,SINGAPORE,None
SASPSGS1,845,UBS WARBURG AND ASSOCIATES (SINGAPORE) NOMINEES PTE LTD,SINGAPORE,None
UCBASGSG,846,UCO BANK,SINGAPORE,None
BVBESGSG,847,UNICREDIT BANK AG SINGAPORE BRANCH (HYPOVEREINSBANK AG SINGAPORE BRANCH),SINGAPORE,None
UBPGSGSX,848,UNION BANCAIRE PRIVEE UBP SA SINGAPORE BRANCH,SINGAPORE,None
UOVBSGSGBNS,849,UNITED OVERSEAS BANK LIMITED,SINGAPORE,(BANKNOTES DEPARTMENT)
UOVBSGSGBBC,850,UNITED OVERSEAS BANK LIMITED,SINGAPORE,(BULLION, BROKERAGE AND CLEARING)
UOVBSGSGCSD,851,UNITED OVERSEAS BANK LIMITED,SINGAPORE,(CUSTODY SERVICES DIVISION)
UOVBSGSGCMS,852,UNITED OVERSEAS BANK LIMITED,SINGAPORE,(TRANSACTION BANKING)
UOVBSGSG,853,UNITED OVERSEAS BANK LIMITED,SINGAPORE,None
UMBISGS1,854,UOB ASIA LIMITED,SINGAPORE,None
UOBFSGS1,855,UOB BULLION AND FUTURES LIMITED,SINGAPORE,None
KHPLSGSG,856,UOB KAY HIAN PTE LIMITED,SINGAPORE,None
UOBSSGS1,857,UOB SECURITIES PTE LTD.,SINGAPORE,None
UVMPSGS1,858,UOB VENTURE MANAGEMENT PRIVATE LIMITED,SINGAPORE,None
VZAPSGSG,859,VERIZON ASIA PACIFIC HOLDINGS PTE.,SINGAPORE,None
VEMPSGS1,860,VERTEX MANAGEMENT PTE LTD,SINGAPORE,None
VIBRSGS1,861,VICKERS BALLAS INVESTMENTS RESEARCH PTE LTD,SINGAPORE,None
VTOASGSG,862,VITOL ASIA PTE LTD,SINGAPORE,None
VTALSGS1,863,VOLVO TREASURY ASIA LTD,SINGAPORE,None
VPBVSGS1,864,VP BANK (SINGAPORE) LTD,SINGAPORE,None
MNBLSGSG,865,VTB CAPITAL PLC, SINGAPORE BRANCH,SINGAPORE,None
WMBSSGS1,866,WAKO MERCHANT BANK (SINGAPORE) LIMITED,SINGAPORE,None
WBSSSGS1,867,WARDLEY BROKING SERVICES PTE LTD.,SINGAPORE,None
NWNBSGS1,868,WELLS FARGO BANK MINNESOTA NA,SINGAPORE,None
PNBPSGSG,869,WELLS FARGO BANK, NA,SINGAPORE,None
WMBLSGS1,870,WEST MERCHANT BANK LIMITED,SINGAPORE,None
CHFXSGSG,871,WESTERN UNION BUSINESS SOLUTIONS (SINGAPORE) PTE LTD,SINGAPORE,None
WPACSGSG,872,WESTPAC BANKING CORPORATION,SINGAPORE,None
WPACSGSGTRD,873,WESTPAC BANKING CORPORATION,SINGAPORE,None
WPACSGSGTSY,874,WESTPAC BANKING CORPORATION,SINGAPORE,None
WPACSGSL,875,WESTPAC SINGAPORE LIMITED,SINGAPORE,None
WPACSGSLTSY,876,WESTPAC SINGAPORE LIMITED,SINGAPORE,None
WILMSGSG,877,WILMAR INTERNATIONAL LIMITED,SINGAPORE,None
HVBKSGSG,878,WOORI BANK, SINGAPORE,SINGAPORE,None
YAMASGS1,879,YAMAICHI FUTURES PTE LTD.,SINGAPORE,None
YASESGS1,880,YAMAICHI SECURITIES (SINGAPORE) PTELTD.,SINGAPORE,None
